transport,execution_mode,trade_id,status,send_ns,receive_ns,latency_ns
tcp,engine_spin,33,A,68700723545087,68700723572541,27454
tcp,engine_spin,34,A,68701044910453,68701044948860,38407
tcp,engine_spin,35,A,68701818740092,68701818779920,39828
tcp,engine_spin,36,A,68702083058506,68702083091614,33108
tcp,engine_spin,44,A,68709712028250,68709712064871,36621
tcp,engine_spin,47,A,68713687111997,68713687144436,32439
tcp,engine_spin,49,A,68714752031503,68714752068195,36692
tcp,engine_spin,50,A,68715483813733,68715483849115,35382
tcp,engine_spin,53,R,68718329800357,68718329833191,32834
tcp,engine_spin,57,A,68721392015143,68721392054463,39320
tcp,engine_spin,62,R,68723820642776,68723820682387,39611
tcp,engine_spin,67,R,68725828830926,68725828864297,33371
tcp,engine_spin,68,R,68726529577878,68726529615504,37626
tcp,engine_spin,69,R,68726840939831,68726840976269,36438
tcp,engine_spin,72,A,68736495706129,68736495745895,39766
tcp,engine_spin,83,A,68748646992072,68748647010131,18059
tcp,engine_spin,84,A,68750839215978,68750839258388,42410
tcp,engine_spin,85,A,68753508012183,68753508047731,35548
tcp,engine_spin,89,A,68756587238664,68756587274199,35535
tcp,engine_spin,91,A,68759019762950,68759019801530,38580
tcp,engine_spin,94,A,68766062914359,68766062951654,37295
tcp,engine_spin,98,A,68768858796656,68768858822037,25381
tcp,engine_spin,99,A,68769792013642,68769792052835,39193
tcp,engine_spin,109,A,68776671999954,68776672044882,44928
tcp,engine_spin,112,A,68781740192205,68781740210624,18419
tcp,engine_spin,115,R,68782224825293,68782224846140,20847
tcp,engine_spin,121,A,68785523243916,68785523272448,28532
tcp,engine_spin,124,A,68787867700322,68787867736453,36131
tcp,engine_spin,127,A,68790147107387,68790147144459,37072
tcp,engine_spin,140,A,68802966033540,68802966071985,38445
tcp,engine_spin,143,A,68804007190742,68804007228954,38212
tcp,engine_spin,145,A,68804919171139,68804919196537,25398
tcp,engine_spin,146,R,68806288580476,68806288619320,38844
tcp,engine_spin,149,R,68809464012272,68809464037263,24991
tcp,engine_spin,151,A,68819492117473,68819492141503,24030
tcp,engine_spin,152,A,68820383051622,68820383082220,30598
tcp,engine_spin,153,A,68820541252719,68820541282678,29959
tcp,engine_spin,156,R,68822863679948,68822863716072,36124
tcp,engine_spin,161,R,68828978902080,68828978940600,38520
tcp,engine_spin,164,R,68832582536554,68832582565803,29249
tcp,engine_spin,176,A,68846412016688,68846412055072,38384
tcp,engine_spin,180,A,68848821568560,68848821594670,26110
tcp,engine_spin,181,A,68853092014678,68853092054026,39348
tcp,engine_spin,187,A,68857019177991,68857019215751,37760
tcp,engine_spin,190,A,68859170220684,68859170259526,38842
tcp,engine_spin,192,A,68863020152461,68863020191878,39417
tcp,engine_spin,193,A,68863426615025,68863426672678,57653
tcp,engine_spin,198,A,68870807150218,68870807185746,35528
tcp,engine_spin,200,A,68871296707982,68871296744600,36618
tcp,engine_spin,202,R,68871527051205,68871527069177,17972
tcp,engine_spin,203,R,68871619170110,68871619187866,17756
tcp,engine_spin,204,A,68873358154552,68873358184745,30193
tcp,engine_spin,207,R,68875991907615,68875995508134,3600519
tcp,engine_spin,210,A,68879698921322,68879698956736,35414
tcp,engine_spin,224,R,68886189599063,68886189632702,33639
tcp,engine_spin,225,R,68886592015691,68886592502964,487273
tcp,engine_spin,228,A,68888543536775,68888543559005,22230
tcp,engine_spin,239,A,68901275344700,68901275381665,36965
tcp,engine_spin,240,A,68901487607512,68901487641607,34095
tcp,engine_spin,255,A,68926664851488,68926664878071,26583
tcp,engine_spin,256,A,68926727953490,68926727982459,28969
tcp,engine_spin,257,A,68927169441238,68927169482939,41701
tcp,engine_spin,265,A,68933916012216,68933916049942,37726
tcp,engine_spin,270,A,68938028855796,68938028895277,39481
tcp,engine_spin,273,A,68942419134498,68942419161321,26823
tcp,engine_spin,277,A,68946320040142,68946320068176,28034
tcp,engine_spin,279,A,68947315113236,68947315149609,36373
tcp,engine_spin,281,R,68948376012703,68948376038570,25867
tcp,engine_spin,282,R,68948376027658,68948376047657,19999
tcp,engine_spin,283,R,68949607191404,68949607227644,36240
tcp,engine_spin,284,R,68949808442203,68949808476314,34111
tcp,engine_spin,287,R,68954513677601,68954513701927,24326
tcp,engine_spin,288,R,68957379578517,68957379607062,28545
tcp,engine_spin,294,A,68963443735558,68963443774567,39009
tcp,engine_spin,297,A,68968966308841,68968966349285,40444
tcp,engine_spin,299,A,68970425871984,68970425888950,16966
tcp,engine_spin,305,A,68976126656793,68976126682772,25979
tcp,engine_spin,307,A,68977797405546,68977797443046,37500
tcp,engine_spin,312,A,68985423139525,68985423179012,39487
tcp,engine_spin,313,A,68987969739019,68987969779779,40760
tcp,engine_spin,315,A,68991616348404,68991616387159,38755
tcp,engine_spin,316,A,68993804589021,68993804621359,32338
tcp,engine_spin,318,R,68996396841488,68996396886927,45439
tcp,engine_spin,324,A,69001775288822,69001775328129,39307
tcp,engine_spin,327,A,69002963592792,69002963613659,20867
tcp,engine_spin,333,A,69007643294606,69007643324001,29395
tcp,engine_spin,335,A,69008857574877,69008857612223,37346
tcp,engine_spin,337,A,69010873600568,69010873638194,37626
tcp,engine_spin,340,R,69015217565544,69015217602856,37312
tcp,engine_spin,343,R,69016136608600,69016136641596,32996
tcp,engine_spin,344,R,69016913432634,69016913471362,38728
tcp,engine_spin,348,A,69024823804387,69024823841357,36970
tcp,engine_spin,350,A,69026434503628,69026434533190,29562
tcp,engine_spin,351,R,69026434521678,69026434545057,23379
tcp,engine_spin,354,A,69028683880161,69028683909003,28842
tcp,engine_spin,355,A,69028944055433,69028944085301,29868
tcp,engine_spin,357,A,69032621420617,69032621459707,39090
tcp,engine_spin,360,R,69037042861475,69037042885142,23667
tcp,engine_spin,369,A,69046779353222,69046779370689,17467
tcp,engine_spin,372,A,69051203868148,69051203909578,41430
tcp,engine_spin,375,A,69054661202288,69054661249972,47684
tcp,engine_spin,387,A,69068989759739,69068989798785,39046
tcp,engine_spin,389,A,69070058919303,69070058961632,42329
tcp,engine_spin,391,A,69072256136966,69072256160854,23888
tcp,engine_spin,392,A,69072290220378,69072290232863,12485
tcp,engine_spin,394,A,69073690677384,69073690716435,39051
tcp,engine_spin,395,A,69073690704156,69073690727229,23073
tcp,engine_spin,396,A,69074412029150,69074412067942,38792
tcp,engine_spin,399,A,69077967668298,69077967684888,16590
tcp,engine_spin,407,A,69086632454866,69086632491711,36845
tcp,engine_spin,408,A,69087026899630,69087026938336,38706
tcp,engine_spin,409,A,69088102026640,69088102067586,40946
tcp,engine_spin,411,R,69088313329044,69088313367593,38549
tcp,engine_spin,413,R,69090925147483,69090925173213,25730
tcp,engine_spin,418,R,69094642011332,69094642041457,30125
tcp,engine_spin,419,R,69094679097831,69094679111466,13635
tcp,engine_spin,422,R,69098257768290,69098257792148,23858
tcp,engine_spin,426,R,69100984265491,69100984302020,36529
tcp,engine_spin,427,R,69101201530777,69101201552797,22020
tcp,engine_spin,430,A,69103722380596,69103722418187,37591
tcp,engine_spin,431,A,69104788499114,69104788529131,30017
tcp,engine_spin,433,A,69109473255288,69109473281641,26353
tcp,engine_spin,437,A,69112937870046,69112937898591,28545
tcp,engine_spin,439,A,69115507506526,69115507547005,40479
tcp,engine_spin,442,A,69119492015036,69119492044315,29279
tcp,engine_spin,444,A,69122843442936,69122843483180,40244
tcp,engine_spin,448,A,69127160015522,69127160070443,54921
tcp,engine_spin,458,A,69143280013556,69143280056117,42561
tcp,engine_spin,464,A,69156228029056,69156228075193,46137
tcp,engine_spin,465,A,69156228052500,69156228085234,32734
tcp,engine_spin,467,A,69157733674031,69157733695705,21674
tcp,engine_spin,472,A,69167345438214,69167345478721,40507
tcp,engine_spin,475,A,69169967625109,69169967663678,38569
tcp,engine_spin,476,A,69170108820532,69170108857086,36554
tcp,engine_spin,481,A,69175901765362,69175901788413,23051
tcp,engine_spin,482,A,69177005907119,69177005947747,40628
tcp,engine_spin,484,A,69178692015057,69178692052639,37582
tcp,engine_spin,488,A,69182913396807,69182913427021,30214
tcp,engine_spin,489,A,69184097625169,69184097660175,35006
tcp,engine_spin,490,A,69184819397570,69184819441644,44074
tcp,engine_spin,493,A,69190346988164,69190347027778,39614
tcp,engine_spin,496,R,69194092014563,69194092041715,27152
tcp,engine_spin,498,R,69196800806001,69196800833717,27716
tcp,engine_spin,499,R,69197621667142,69197621706811,39669
tcp,engine_spin,503,R,69199843026890,69199843050845,23955
tcp,engine_spin,504,A,69200230451142,69200230483641,32499
tcp,engine_spin,505,A,69201721988522,69201722014930,26408
tcp,engine_spin,506,A,69203468774924,69203468816021,41097
tcp,engine_spin,509,R,69204013092210,69204013114372,22162
tcp,engine_spin,512,A,69206070256350,69206070295301,38951
tcp,engine_spin,515,A,69212590846655,69212590887206,40551
tcp,engine_spin,519,A,69215592495231,69215592533128,37897
tcp,engine_spin,522,A,69220139866681,69220139905342,38661
tcp,engine_spin,524,A,69227517386539,69227517439373,52834
tcp,engine_spin,528,A,69231638363484,69231638392905,29421
tcp,engine_spin,534,A,69236027922687,69236027960342,37655
tcp,engine_spin,535,A,69236453401270,69236453443422,42152
tcp,engine_spin,536,R,69241507525035,69241507562586,37551
tcp,engine_spin,538,R,69244152252375,69244152290798,38423
tcp,engine_spin,552,A,69262397538803,69262397578624,39821
tcp,engine_spin,553,A,69263297492707,69263297530891,38184
tcp,engine_spin,555,A,69264724029291,69264724071681,42390
tcp,engine_spin,567,A,69281524970154,69281525188352,218198
tcp,engine_spin,571,A,69285181837632,69285181876189,38557
tcp,engine_spin,575,R,69287118517341,69287118556684,39343
tcp,engine_spin,577,R,69291139698193,69291139723563,25370
tcp,engine_spin,583,A,69300057100566,69300057127145,26579
tcp,engine_spin,586,A,69302821981854,69302822018182,36328
tcp,engine_spin,589,A,69308672899196,69308672937649,38453
tcp,engine_spin,590,A,69309273552667,69309273589727,37060
tcp,engine_spin,592,A,69312203568294,69312203599099,30805
tcp,engine_spin,601,A,69322167696396,69322167736421,40025
tcp,engine_spin,607,A,69325807544350,69325807579367,35017
tcp,engine_spin,608,R,69326277062748,69326277093997,31249
tcp,engine_spin,614,R,69331320167121,69331320198197,31076
tcp,engine_spin,615,R,69331320187559,69331320207458,19899
tcp,engine_spin,617,R,69333288223275,69333288261192,37917
tcp,engine_spin,618,R,69334440012393,69334440049838,37445
tcp,engine_spin,619,A,69340507148559,69340507189837,41278
tcp,engine_spin,631,A,69351018730594,69351018785313,54719
tcp,engine_spin,634,A,69354593678577,69354593715836,37259
tcp,engine_spin,637,A,69356562803574,69356562821290,17716
tcp,engine_spin,642,A,69364645847044,69364645888578,41534
tcp,engine_spin,654,A,69377827093047,69377827129703,36656
tcp,engine_spin,658,A,69383917250640,69383917290277,39637
tcp,engine_spin,659,A,69384199587718,69384199618030,30312
tcp,engine_spin,662,A,69386796896504,69386796931792,35288
tcp,engine_spin,663,R,69389458606563,69389458657776,51213
tcp,engine_spin,665,R,69394233130734,69394233164819,34085
tcp,engine_spin,669,A,69400202168333,69400202204690,36357
tcp,engine_spin,671,R,69400571637178,69400571656153,18975
tcp,engine_spin,676,A,69408005155167,69408005194194,39027
tcp,engine_spin,686,A,69419746048607,69419746087134,38527
tcp,engine_spin,688,A,69424413366795,69424413405978,39183
tcp,engine_spin,695,A,69428025215077,69428025240109,25032
tcp,engine_spin,703,A,69445258534003,69445258555164,21161
tcp,engine_spin,704,A,69446892013585,69446892050745,37160
tcp,engine_spin,708,A,69449791797690,69449791821937,24247
tcp,engine_spin,718,A,69466789914556,69466789931398,16842
tcp,engine_spin,721,A,69468040027584,69468040063632,36048
tcp,engine_spin,742,A,69491712016447,69491712056085,39638
tcp,engine_spin,745,A,69496485908874,69496485936671,27797
tcp,engine_spin,746,A,69496917383584,69496917421672,38088
tcp,engine_spin,748,A,69498023575984,69498023607538,31554
tcp,engine_spin,749,R,69498025664648,69498025675215,10567
tcp,engine_spin,752,A,69501575129823,69501575168807,38984
tcp,engine_spin,753,R,69504301911289,69504301951197,39908
tcp,engine_spin,758,R,69506343144971,69506343173925,28954
tcp,engine_spin,760,R,69508046930349,69508046967708,37359
tcp,engine_spin,761,R,69508130064834,69508130099603,34769
tcp,engine_spin,768,R,69517408506842,69517408530812,23970
tcp,engine_spin,770,R,69519431603778,69519431642984,39206
tcp,engine_spin,774,R,69522160493496,69522160532178,38682
tcp,engine_spin,775,R,69522801187086,69522801236600,49514
tcp,engine_spin,777,R,69524191674136,69524191698682,24546
tcp,engine_spin,778,A,69528212028269,69528212067003,38734
tcp,engine_spin,780,A,69531657457002,69531657498631,41629
tcp,engine_spin,783,A,69535483405301,69535483441204,35903
tcp,engine_spin,786,A,69543591578251,69543591616294,38043
tcp,engine_spin,789,A,69545065109450,69545065137809,28359
tcp,engine_spin,796,A,69552861046294,69552861083379,37085
tcp,engine_spin,797,A,69553387627590,69553387664661,37071
tcp,engine_spin,800,R,69554380739592,69554380768560,28968
tcp,engine_spin,802,R,69557023445221,69557023484153,38932
tcp,engine_spin,803,A,69558273747952,69558273787770,39818
tcp,engine_spin,806,A,69560560812689,69560560844860,32171
tcp,engine_spin,810,A,69565912009043,69565912042056,33013
tcp,engine_spin,811,R,69567592013720,69567592051707,37987
tcp,engine_spin,819,R,69572702195447,69572702234736,39289
tcp,engine_spin,820,A,69576020564754,69576020604214,39460
tcp,engine_spin,825,A,69580932668053,69580932700907,32854
tcp,engine_spin,831,A,69589215047103,69589215085542,38439
tcp,engine_spin,835,A,69594102314415,69594102340577,26162
tcp,engine_spin,839,A,69596578921029,69596578959895,38866
tcp,engine_spin,840,A,69597190584922,69597190621587,36665
tcp,engine_spin,843,A,69598522069050,69598522085345,16295
tcp,engine_spin,845,R,69601796013728,69601796061306,47578
tcp,engine_spin,848,A,69604409766677,69604409805602,38925
tcp,engine_spin,850,A,69606792013993,69606792051085,37092
tcp,engine_spin,851,A,69608017926463,69608017980069,53606
tcp,engine_spin,853,A,69610357368112,69610357406296,38184
tcp,engine_spin,857,A,69615140015085,69615140055360,40275
tcp,engine_spin,858,R,69615764699346,69615764747041,47695
tcp,engine_spin,859,R,69616011007134,69616011046991,39857
tcp,engine_spin,865,A,69623179321350,69623179357932,36582
tcp,engine_spin,866,A,69623360555169,69623360593298,38129
tcp,engine_spin,870,R,69625105466509,69625105500884,34375
tcp,engine_spin,872,A,69632039465858,69632039492711,26853
tcp,engine_spin,877,A,69635401378695,69635401418469,39774
tcp,engine_spin,878,A,69639060029582,69639060067571,37989
tcp,engine_spin,879,A,69639069127653,69639069139552,11899
tcp,engine_spin,880,R,69643135221292,69643135261987,40695
tcp,engine_spin,888,A,69654835071766,69654835111333,39567
tcp,engine_spin,893,R,69660993348535,69660993385244,36709
tcp,engine_spin,894,A,69662356760984,69662356787725,26741
tcp,engine_spin,898,A,69666546123438,69666546160288,36850
tcp,engine_spin,899,R,69666958587027,69666958614568,27541
tcp,engine_spin,907,A,69672940666145,69672940690571,24426
tcp,engine_spin,908,A,69673198962760,69673198998864,36104
tcp,engine_spin,914,A,69677649643999,69677649683235,39236
tcp,engine_spin,915,A,69682016028177,69682016052846,24669
tcp,engine_spin,917,R,69682273350551,69682273384795,34244
tcp,engine_spin,921,A,69684662879550,69684662906060,26510
tcp,engine_spin,922,R,69684662893720,69684662920396,26676
tcp,engine_spin,923,A,69686014282563,69686014306579,24016
tcp,engine_spin,924,R,69686110419567,69686110452745,33178
tcp,engine_spin,926,A,69690918303255,69690918329808,26553
tcp,engine_spin,943,A,69710692013673,69710692050342,36669
tcp,engine_spin,946,A,69714595045216,69714595070896,25680
tcp,engine_spin,952,A,69723778403128,69723778441098,37970
tcp,engine_spin,954,A,69724439144899,69724439173248,28349
tcp,engine_spin,955,A,69725063814311,69725063851634,37323
tcp,engine_spin,961,R,69733193165403,69733193181945,16542
tcp,engine_spin,963,R,69738839860425,69738839901096,40671
tcp,engine_spin,964,R,69739262336799,69739262365817,29018
tcp,engine_spin,970,A,69744863024004,69744863044433,20429
tcp,engine_spin,972,A,69745692917438,69745692946715,29277
tcp,engine_spin,977,A,69753338649880,69753338690140,40260
tcp,engine_spin,979,A,69757955353245,69757955388885,35640
tcp,engine_spin,982,A,69760557109659,69760557126441,16782
tcp,engine_spin,983,A,69760651233111,69760651257339,24228
tcp,engine_spin,984,A,69761345966077,69761346004418,38341
tcp,engine_spin,988,R,69764624263921,69764624301835,37914
tcp,engine_spin,989,R,69765941631786,69765941670912,39126
tcp,engine_spin,990,R,69766207949785,69766207984108,34323
tcp,engine_spin,993,R,69768805641518,69768805674501,32983
tcp,engine_spin,995,R,69771526447813,69771526499808,51995
tcp,engine_spin,996,R,69774006996916,69774007048880,51964
tcp,engine_spin,997,A,69774955009902,69774955057472,47570
tcp,engine_spin,998,R,69775443564180,69775443602516,38336
tcp,engine_spin,1001,R,69777260029882,69777260067960,38078
tcp,engine_spin,1009,A,69782395220743,69782395242886,22143
tcp,engine_spin,1010,R,69782804670256,69782804697175,26919
tcp,engine_spin,1011,A,69783419326245,69783419363027,36782
tcp,engine_spin,1014,A,69785489519132,69785489558105,38973
tcp,engine_spin,1017,A,69791141242035,69791141278357,36322
tcp,engine_spin,1018,A,69791344498575,69791344536642,38067
tcp,engine_spin,1021,A,69793477100941,69793477139653,38712
tcp,engine_spin,1024,A,69799892585133,69799892620475,35342
tcp,engine_spin,1028,A,69807052806812,69807052845554,38742
tcp,engine_spin,1029,A,69807567375597,69807567415644,40047
tcp,engine_spin,1033,A,69810372028160,69810372056135,27975
tcp,engine_spin,1036,R,69812182941832,69812182980319,38487
tcp,engine_spin,1040,A,69814075981128,69814076016515,35387
tcp,engine_spin,1042,R,69816097820498,69816097861690,41192
tcp,engine_spin,1043,R,69816158928093,69816158940359,12266
tcp,engine_spin,1048,R,69820534273953,69820534309949,35996
tcp,engine_spin,1052,A,69823807192236,69823807228276,36040
tcp,engine_spin,1058,A,69832320877930,69832320917646,39716
tcp,engine_spin,1061,A,69835936140213,69835936176058,35845
tcp,engine_spin,1063,A,69844760014455,69844760051688,37233
tcp,engine_spin,1065,A,69847576030989,69847576067348,36359
tcp,engine_spin,1066,A,69847965473702,69847965512138,38436
tcp,engine_spin,1070,A,69850999299942,69850999352465,52523
tcp,engine_spin,1075,A,69854573492217,69854573514207,21990
tcp,engine_spin,1080,A,69857566101547,69857566136005,34458
tcp,engine_spin,1081,R,69858750333485,69858750371257,37772
tcp,engine_spin,1083,R,69861135803168,69861135841587,38419
tcp,engine_spin,1086,R,69865843633215,69865843669629,36414
tcp,engine_spin,1089,R,69868981086092,69868981114795,28703
tcp,engine_spin,1092,R,69871167380615,69871167404357,23742
tcp,engine_spin,1093,R,69871866115875,69871866155976,40101
tcp,engine_spin,1094,R,69872417721335,69872417748360,27025
tcp,engine_spin,1096,R,69874079251661,69874079282026,30365
tcp,engine_spin,1097,R,69874442659067,69874442697004,37937
tcp,engine_spin,1107,A,69888218571183,69888218611101,39918
tcp,engine_spin,1114,A,69902591046383,69902591107320,60937
tcp,engine_spin,1120,A,69913813336013,69913813375296,39283
tcp,engine_spin,1121,A,69914875452582,69914875494879,42297
tcp,engine_spin,1126,A,69917484010851,69917484059575,48724
tcp,engine_spin,1127,A,69917797385693,69917797413876,28183
tcp,engine_spin,1128,A,69918744013479,69918744062528,49049
tcp,engine_spin,1132,A,69923008015166,69923008055644,40478
tcp,engine_spin,1145,A,69937957229473,69937957265167,35694
tcp,engine_spin,1151,A,69944216203780,69944216233045,29265
tcp,engine_spin,1153,A,69945221276837,69945221309883,33046
tcp,engine_spin,1156,A,69948715888848,69948715925048,36200
tcp,engine_spin,1157,A,69948809031860,69948809067128,35268
tcp,engine_spin,1158,A,69948843123881,69948843136445,12564
tcp,engine_spin,1159,A,69949407715948,69949407738829,22881
tcp,engine_spin,1162,R,69955225241476,69955225284866,43390
tcp,engine_spin,1163,R,69955561631923,69955561665794,33871
tcp,engine_spin,1164,R,69955579722204,69955579739280,17076
tcp,engine_spin,1170,R,69961266459608,69961266497567,37959
tcp,engine_spin,1171,R,69962875003223,69962875043657,40434
tcp,engine_spin,1175,R,69966038326160,69966038363657,37497
tcp,engine_spin,1185,A,69976796185621,69976796210071,24450
tcp,engine_spin,1193,A,69982509996765,69982510024129,27364
tcp,engine_spin,1195,A,69985443009967,69985443038809,28842
tcp,engine_spin,1197,A,69988369011072,69988369043962,32890
tcp,engine_spin,1203,A,69994852013641,69994852052338,38697
tcp,engine_spin,1211,R,69999091080689,69999091103984,23295
tcp,engine_spin,1215,A,70004522593958,70004522632043,38085
tcp,engine_spin,1218,A,70008535689979,70008535732569,42590
tcp,engine_spin,1219,A,70009371587085,70009371614929,27844
tcp,engine_spin,1220,R,70009406672907,70009406685548,12641
tcp,engine_spin,1234,A,70030822201306,70030822240368,39062
tcp,engine_spin,1236,A,70035394872586,70035394917417,44831
tcp,engine_spin,1237,A,70035924013752,70035924055555,41803
tcp,engine_spin,1242,A,70040336015240,70040336056885,41645
tcp,engine_spin,1247,A,70043436014402,70043436071811,57409
tcp,engine_spin,1250,A,70047888015786,70047888072089,56303
tcp,engine_spin,1256,A,70054465706386,70054465743682,37296
tcp,engine_spin,1257,A,70055052016111,70055052059126,43015
tcp,engine_spin,1258,R,70055107129460,70055107170074,40614
tcp,engine_spin,1259,R,70056139227550,70056139290337,62787
tcp,engine_spin,1262,A,70066263431250,70066263466847,35597
tcp,engine_spin,1263,R,70066396614764,70066396651174,36410
tcp,engine_spin,1264,R,70066609878053,70066609915510,37457
tcp,engine_spin,1265,R,70067812013611,70067812067128,53517
tcp,engine_spin,1267,R,70068300604729,70068300645312,40583
tcp,engine_spin,1270,A,70071319726621,70071319767641,41020
tcp,engine_spin,1271,R,70072073536623,70072073577856,41233
tcp,engine_spin,1273,A,70075836016169,70075836056632,40463
tcp,engine_spin,1278,A,70079565942909,70079565978573,35664
tcp,engine_spin,1279,A,70080469897278,70080469936497,39219
tcp,engine_spin,1281,R,70083769282632,70083769318730,36098
tcp,engine_spin,1283,A,70084655257375,70084655295591,38216
tcp,engine_spin,1286,A,70085475192647,70085475233322,40675
tcp,engine_spin,1289,A,70088106938461,70088106971043,32582
tcp,engine_spin,1297,A,70099146964590,70099146990652,26062
tcp,engine_spin,1298,R,70099386243946,70099386276212,32266
tcp,engine_spin,1300,A,70104304624959,70104304662096,37137
tcp,engine_spin,1301,R,70104995366971,70104995399398,32427
tcp,engine_spin,1305,A,70109149312516,70109149356372,43856
tcp,engine_spin,1309,A,70115025452031,70115025493692,41661
tcp,engine_spin,1311,A,70116694260172,70116694281645,21473
tcp,engine_spin,1314,A,70119668013500,70119668050092,36592
tcp,engine_spin,1315,A,70120655660657,70120655697041,36384
tcp,engine_spin,1317,A,70122040128085,70122040168151,40066
tcp,engine_spin,1326,A,70133820332235,70133820354196,21961
tcp,engine_spin,1333,A,70138136013063,70138136040555,27492
tcp,engine_spin,1335,A,70141094384031,70141094421233,37202
tcp,engine_spin,1336,A,70141265606560,70141265636236,29676
tcp,engine_spin,1339,A,70143204218523,70143204251799,33276
tcp,engine_spin,1341,R,70144732012048,70144732064427,52379
tcp,engine_spin,1342,A,70145425771305,70145425810385,39080
tcp,engine_spin,1345,A,70148488029002,70148488070341,41339
tcp,engine_spin,1353,A,70161540231022,70161540266704,35682
tcp,engine_spin,1358,R,70165352028284,70165352066122,37838
tcp,engine_spin,1361,A,70174894581474,70174894618920,37446
tcp,engine_spin,1370,A,70184787745245,70184787771382,26137
tcp,engine_spin,1375,A,70191254269813,70191254307040,37227
tcp,engine_spin,1378,A,70194607744708,70194607785425,40717
tcp,engine_spin,1381,R,70196568029306,70196568068090,38784
tcp,engine_spin,1383,R,70200230767577,70200230803552,35975
tcp,engine_spin,1384,R,70200248859256,70200248872601,13345
tcp,engine_spin,1406,A,70215888780281,70215888819349,39068
tcp,engine_spin,1407,A,70216195142701,70216195179662,36961
tcp,engine_spin,1410,A,70220647151073,70220647188558,37485
tcp,engine_spin,1411,R,70221246808583,70221246846340,37757
tcp,engine_spin,1412,A,70223076013570,70223076046924,33354
tcp,engine_spin,1413,R,70223726712785,70223726747756,34971
tcp,engine_spin,1414,A,70224921955679,70224921978823,23144
tcp,engine_spin,1415,A,70226572012759,70226572051964,39205
tcp,engine_spin,1416,R,70226606111314,70226606126368,15054
tcp,engine_spin,1419,A,70229734908146,70229734944629,36483
tcp,engine_spin,1422,A,70235521760382,70235521796182,35800
tcp,engine_spin,1425,R,70239614993104,70239615031664,38560
tcp,engine_spin,1426,R,70239977407361,70239977445336,37975
tcp,engine_spin,1427,R,70240923404281,70240923441167,36886
tcp,engine_spin,1441,A,70262436028887,70262436058678,29791
tcp,engine_spin,1442,A,70262720355996,70262720389168,33172
tcp,engine_spin,1444,A,70262767509973,70262767538365,28392
tcp,engine_spin,1448,A,70267073094503,70267073112670,18167
tcp,engine_spin,1449,A,70267525579315,70267525618565,39250
tcp,engine_spin,1450,A,70268676012763,70268676038415,25652
tcp,engine_spin,1454,A,70274013405979,70274013445506,39527
tcp,engine_spin,1459,A,70280718184583,70280718222884,38301
tcp,engine_spin,1461,A,70282880011811,70282880064823,53012
tcp,engine_spin,1462,A,70284930128429,70284930167817,39388
tcp,engine_spin,1465,R,70289626816767,70289626855562,38795
tcp,engine_spin,1467,R,70290156477507,70290156494170,16663
tcp,engine_spin,1482,A,70312221580811,70312221619264,38453
tcp,engine_spin,1485,A,70314610092699,70314610128749,36050
tcp,engine_spin,1486,A,70316269803578,70316269843230,39652
tcp,engine_spin,1494,A,70320994545117,70320994575150,30033
tcp,engine_spin,1495,A,70325088012901,70325088067175,54274
tcp,engine_spin,1500,A,70330780774945,70330780813072,38127
tcp,engine_spin,1507,A,70341275376535,70341275411781,35246
tcp,engine_spin,1509,A,70343594448201,70343594502433,54232
tcp,engine_spin,1514,A,70349558902966,70349558947475,44509
tcp,engine_spin,1518,A,70355283697235,70355283722436,25201
tcp,engine_spin,1523,A,70363126591266,70363126630092,38826
tcp,engine_spin,1528,R,70365885119930,70365885165525,45595
tcp,engine_spin,1529,R,70368037448541,70368037488150,39609
tcp,engine_spin,1530,R,70368378841792,70368378879864,38072
tcp,engine_spin,1531,R,70368378868394,70368378887945,19551
tcp,engine_spin,1532,A,70368961484419,70368961510673,26254
tcp,engine_spin,1533,R,70369158721402,70369158745486,24084
tcp,engine_spin,1541,A,70374238847455,70374238867967,20512
tcp,engine_spin,1544,A,70375464016989,70375464071363,54374
tcp,engine_spin,1545,A,70376071693388,70376071733780,40392
tcp,engine_spin,1548,R,70376916652803,70376916690562,37759
tcp,engine_spin,1549,R,70377982770691,70377982809518,38827
tcp,engine_spin,1554,A,70390584029041,70390584069138,40097
tcp,engine_spin,1556,A,70394843351685,70394843384492,32807
tcp,engine_spin,1558,A,70397000027541,70397000065984,38443
tcp,engine_spin,1559,A,70398677757627,70398677795167,37540
tcp,engine_spin,1576,A,70420510778400,70420510815331,36931
tcp,engine_spin,1577,A,70421179501168,70421179539785,38617
tcp,engine_spin,1578,A,70421661035667,70421661073530,37863
tcp,engine_spin,1581,A,70424342829657,70424342866830,37173
tcp,engine_spin,1582,R,70424750290172,70424750329464,39292
tcp,engine_spin,1584,A,70424925529387,70424925546586,17199
tcp,engine_spin,1585,R,70426569216801,70426569242218,25417
tcp,engine_spin,1586,A,70427495181014,70427495206236,25222
tcp,engine_spin,1587,R,70427992719380,70427992848464,129084
tcp,engine_spin,1591,A,70430580013578,70430580052539,38961
tcp,engine_spin,1594,R,70431810382710,70431810416778,34068
tcp,engine_spin,1601,R,70439234069329,70439234123531,54202
tcp,engine_spin,1602,R,70439822725357,70439822760169,34812
tcp,engine_spin,1603,R,70440051006261,70440051044502,38241
tcp,engine_spin,1612,A,70457512012415,70457512039612,27197
tcp,engine_spin,1613,A,70458839380795,70458839419970,39175
tcp,engine_spin,1614,A,70462128031219,70462128075697,44478
tcp,engine_spin,1625,A,70475274399787,70475274431539,31752
tcp,engine_spin,1632,A,70480343516027,70480343534142,18115
tcp,engine_spin,1633,A,70483919125196,70483919164064,38868
tcp,engine_spin,1636,A,70492164028695,70492164068693,39998
tcp,engine_spin,1637,A,70493418341522,70493418379779,38257
tcp,engine_spin,1638,A,70493633609427,70493633638058,28631
tcp,engine_spin,1639,R,70493910931027,70493910954425,23398
tcp,engine_spin,1642,R,70501252028583,70501252066275,37692
tcp,engine_spin,1644,R,70502925768974,70502925822098,53124
tcp,engine_spin,1646,R,70504210155392,70504210190678,35286
tcp,engine_spin,1647,R,70504852846421,70504852876580,30159
tcp,engine_spin,1649,R,70505702771235,70505702788431,17196
tcp,engine_spin,1651,R,70506393533958,70506393571412,37454
tcp,engine_spin,1652,R,70506685877175,70506685914342,37167
tcp,engine_spin,1654,R,70507289563270,70507289602174,38904
tcp,engine_spin,1657,A,70512702043489,70512702082175,38686
tcp,engine_spin,1660,R,70513311752252,70513311786033,33781
tcp,engine_spin,1662,A,70517322652748,70517322690178,37430
tcp,engine_spin,1674,A,70530768016735,70530768083902,67167
tcp,engine_spin,1678,A,70535628012577,70535628064054,51477
tcp,engine_spin,1679,A,70535863313900,70535863351926,38026
tcp,engine_spin,1687,A,70548472054009,70548472073836,19827
tcp,engine_spin,1691,A,70553798430773,70553798468476,37703
tcp,engine_spin,1693,A,70556618206734,70556618229109,22375
tcp,engine_spin,1694,R,70557021649090,70557021686272,37182
tcp,engine_spin,1695,R,70557274951310,70557274977314,26004
tcp,engine_spin,1696,R,70557315034723,70557315055684,20961
tcp,engine_spin,1702,A,70566141573913,70566141607869,33956
tcp,engine_spin,1704,A,70567022522797,70567022561430,38633
tcp,engine_spin,1705,R,70567903459143,70567903500433,41290
tcp,engine_spin,1706,R,70567983588233,70567983603383,15150
tcp,engine_spin,1716,R,70578061714198,70578061736541,22343
tcp,engine_spin,1723,A,70588542306118,70588542346065,39947
tcp,engine_spin,1725,A,70592574581599,70592574619547,37948
tcp,engine_spin,1728,A,70595654787398,70595654826220,38822
tcp,engine_spin,1732,A,70600892082905,70600892113083,30178
tcp,engine_spin,1734,A,70604107381249,70604107419287,38038
tcp,engine_spin,1737,A,70612486862309,70612486899649,37340
tcp,engine_spin,1741,A,70613414957657,70613414996852,39195
tcp,engine_spin,1743,R,70616349842502,70616349889676,47174
tcp,engine_spin,1750,A,70625540030651,70625540069083,38432
tcp,engine_spin,1751,R,70625606142229,70625606155396,13167
tcp,engine_spin,1754,A,70629363010940,70629365657742,2646802
tcp,engine_spin,1761,A,70637467247853,70637467286449,38596
tcp,engine_spin,1762,A,70637483347848,70637483373225,25377
tcp,engine_spin,1765,R,70641787447736,70641787486783,39047
tcp,engine_spin,1769,A,70645614824630,70645614865495,40865
tcp,engine_spin,1770,R,70646538805960,70646538844623,38663
tcp,engine_spin,1773,R,70650312699046,70650312736187,37141
tcp,engine_spin,1801,A,70686615103895,70686615126930,23035
tcp,engine_spin,1802,A,70686628186582,70686628199731,13149
tcp,engine_spin,1803,A,70686885474201,70686885510822,36621
tcp,engine_spin,1804,A,70687427068569,70687427103588,35019
tcp,engine_spin,1806,A,70688057766100,70688057802974,36874
tcp,engine_spin,1814,A,70694848030511,70694848066390,35879
tcp,engine_spin,1816,A,70696601876228,70696601912579,36351
tcp,engine_spin,1833,R,70713468874594,70713468909043,34449
tcp,engine_spin,1835,R,70715495975074,70715496018846,43772
tcp,engine_spin,1851,A,70736079995830,70736080038845,43015
tcp,engine_spin,1853,A,70736708747325,70736708768413,21088
tcp,engine_spin,1855,A,70737384494155,70737384528591,34436
tcp,engine_spin,1858,A,70738698169119,70738698192470,23351
tcp,engine_spin,1860,A,70740564108526,70740564126319,17793
tcp,engine_spin,1861,A,70741463039151,70741463074932,35781
tcp,engine_spin,1863,A,70744346003189,70744346045547,42358
tcp,engine_spin,1864,A,70746122839795,70746122880001,40206
tcp,engine_spin,1865,R,70747324013066,70747324051866,38800
tcp,engine_spin,1868,A,70748805607471,70748805659495,52024
tcp,engine_spin,1876,R,70760511383350,70760511420651,37301
tcp,engine_spin,1877,R,70761841763549,70761841804273,40724
tcp,engine_spin,1887,A,70775542486675,70775542506756,20081
tcp,engine_spin,1888,A,70778199177683,70778199214577,36894
tcp,engine_spin,1891,A,70780863430908,70780863467237,36329
tcp,engine_spin,1892,A,70780880526832,70780880543424,16592
tcp,engine_spin,1894,A,70786189890782,70786189943499,52717
tcp,engine_spin,1904,A,70800318169420,70800318209431,40011
tcp,engine_spin,1909,A,70804397942894,70804397983005,40111
tcp,engine_spin,1910,A,70805707305764,70805707345389,39625
tcp,engine_spin,1914,A,70811674339790,70811674380219,40429
tcp,engine_spin,1917,A,70814175974493,70814176021486,46993
tcp,engine_spin,1919,A,70815004902117,70815004931629,29512
tcp,engine_spin,1921,A,70817513481706,70817513518798,37092
tcp,engine_spin,1923,A,70819607643908,70819607688328,44420
tcp,engine_spin,1924,A,70822883979457,70822884006737,27280
tcp,engine_spin,1925,R,70824417579360,70824417622993,43633
tcp,engine_spin,1930,A,70830330649060,70830330684304,35244
tcp,engine_spin,1937,R,70842475920249,70842475958019,37770
tcp,engine_spin,1938,R,70842995492581,70842995532332,39751
tcp,engine_spin,1942,A,70845891937490,70845891963306,25816
tcp,engine_spin,1949,A,70854292027715,70854292064729,37014
tcp,engine_spin,1950,A,70854503290678,70854503331307,40629
tcp,engine_spin,1951,R,70855124967523,70855125005584,38061
tcp,engine_spin,1952,A,70857388027324,70857388054868,27544
tcp,engine_spin,1954,A,70858906418738,70858906454841,36103
tcp,engine_spin,1957,A,70860751699771,70860751726831,27060
tcp,engine_spin,1966,A,70868922301549,70868922345933,44384
tcp,engine_spin,1967,A,70870466903561,70870466942132,38571
tcp,engine_spin,1969,A,70873576013272,70873576067407,54135
tcp,engine_spin,1970,A,70873883387576,70873883420817,33241
tcp,engine_spin,1972,A,70875783380026,70875783416709,36683
tcp,engine_spin,1974,A,70877482150690,70877482184955,34265
tcp,engine_spin,1975,A,70878109825796,70878109864494,38698
tcp,engine_spin,1976,A,70878486256801,70878486296925,40124
tcp,engine_spin,1977,R,70879556018572,70879556055840,37268
tcp,engine_spin,1978,A,70881576014235,70881576056321,42086
tcp,engine_spin,1981,A,70884792027038,70884792064022,36984
tcp,engine_spin,1987,A,70889812134222,70889812153190,18968
tcp,engine_spin,1997,A,70901987124893,70901987172979,48086
tcp,engine_spin,1999,A,70904739974482,70904740012102,37620
tcp,engine_spin,2000,A,70904947233536,70904947270612,37076
tcp,engine_spin,2003,A,70906445611142,70906445647287,36145
tcp,engine_spin,2004,R,70907065280940,70907065308077,27137
tcp,engine_spin,2005,R,70907531788759,70907531827870,39111
tcp,engine_spin,2006,A,70909959268674,70909959311513,42839
tcp,engine_spin,2008,A,70912991391008,70912991430879,39871
tcp,engine_spin,2012,R,70918478948879,70918479224769,275890
tcp,engine_spin,2021,R,70922064014531,70922064042869,28338
tcp,engine_spin,2024,A,70926624771095,70926624809996,38901
tcp,engine_spin,2025,R,70926639867346,70926639878585,11239
tcp,engine_spin,2026,R,70928175427398,70928175453044,25646
tcp,engine_spin,2027,A,70928549840417,70928549879572,39155
tcp,engine_spin,2030,R,70931535395200,70931535432269,37069
tcp,engine_spin,2032,A,70932004938338,70932004966502,28164
tcp,engine_spin,2039,A,70938544027847,70938544070175,42328
tcp,engine_spin,2044,A,70946974566712,70946974604606,37894
tcp,engine_spin,2045,A,70947213859580,70947213893128,33548
tcp,engine_spin,2053,A,70953894678369,70953894699439,21070
tcp,engine_spin,2054,R,70955836015699,70955836056040,40341
tcp,engine_spin,2055,R,70955983216644,70955983250621,33977
tcp,engine_spin,2057,R,70956957273503,70956957309952,36449
tcp,engine_spin,2059,A,70959236679849,70959236716239,36390
tcp,engine_spin,2063,A,70964345855313,70964345890864,35551
tcp,engine_spin,2065,A,70965333925527,70965333951372,25845
tcp,engine_spin,2066,R,70967782416696,70967782456643,39947
tcp,engine_spin,2068,R,70968110867204,70968110883732,16528
tcp,engine_spin,2070,A,70971052013881,70971052049929,36048
tcp,engine_spin,2075,A,70976334353773,70976334381506,27733
tcp,engine_spin,2079,A,70979389547751,70979389583693,35942
tcp,engine_spin,2093,A,71001928232090,71001928254852,22762
tcp,engine_spin,2098,A,71008053447923,71008053489081,41158
tcp,engine_spin,2102,A,71018439906167,71018439942463,36296
tcp,engine_spin,2103,A,71020116027509,71020116066321,38812
tcp,engine_spin,2104,A,71022441404318,71022441435605,31287
tcp,engine_spin,2105,A,71023024011030,71023024053094,42064
tcp,engine_spin,2108,A,71028953010434,71028953050930,40496
tcp,engine_spin,2109,A,71030557669774,71030557707874,38100
tcp,engine_spin,2115,A,71036553722368,71036553760431,38063
tcp,engine_spin,2116,A,71037263484081,71037263524161,40080
tcp,engine_spin,2119,A,71040726932549,71040726957325,24776
tcp,engine_spin,2129,A,71046296598144,71046296637961,39817
tcp,engine_spin,2130,R,71046296624961,71046296651724,26763
tcp,engine_spin,2132,A,71052305725927,71052305760448,34521
tcp,engine_spin,2134,A,71054687187303,71054687220720,33417
tcp,engine_spin,2136,A,71055126712595,71055126749130,36535
tcp,engine_spin,2138,R,71060390057459,71060390094392,36933
tcp,engine_spin,2143,R,71065316015563,71065316067897,52334
tcp,engine_spin,2145,A,71068452014715,71068452070720,56005
tcp,engine_spin,2146,R,71068602233116,71068602254121,21005
tcp,engine_spin,2159,A,71079702445312,71079702471123,25811
tcp,engine_spin,2162,A,71082061906225,71082061948663,42438
tcp,engine_spin,2163,A,71082532029868,71082532068505,38637
tcp,engine_spin,2164,A,71085800015244,71085800040039,24795
tcp,engine_spin,2167,A,71088294217341,71088294258197,40856
tcp,engine_spin,2171,A,71098354345295,71098354365536,20241
tcp,engine_spin,2181,A,71104649733466,71104649787959,54493
tcp,engine_spin,2182,A,71106122274995,71106122306764,31769
tcp,engine_spin,2187,A,71114992014119,71114992057246,43127
tcp,engine_spin,2188,A,71115573653217,71115573679654,26437
tcp,engine_spin,2189,A,71116077197682,71116077232024,34342
tcp,engine_spin,2192,A,71120876859937,71120876886557,26620
tcp,engine_spin,2193,A,71121776012803,71121776048604,35801
tcp,engine_spin,2194,A,71122426712493,71122426744830,32337
tcp,engine_spin,2198,A,71127424149696,71127424173727,24031
tcp,engine_spin,2208,A,71138941755076,71138941784291,29215
tcp,engine_spin,2209,A,71142179036205,71142179078815,42610
tcp,engine_spin,2212,A,71145473439293,71145473477226,37933
tcp,engine_spin,2214,A,71145836879446,71145836903773,24327
tcp,engine_spin,2218,A,71147538706736,71147538741902,35166
tcp,engine_spin,2219,A,71148884012548,71148884049948,37400
tcp,engine_spin,2220,A,71149465652220,71149465683918,31698
tcp,engine_spin,2222,R,71150941207469,71150941248800,41331
tcp,engine_spin,2225,A,71153380760191,71153380797546,37355
tcp,engine_spin,2230,R,71162292013851,71162292053830,39979
tcp,engine_spin,2232,A,71164422222650,71164422262412,39762
tcp,engine_spin,2233,R,71164424320035,71164424332326,12291
tcp,engine_spin,2235,R,71166214151441,71166214186984,35543
tcp,engine_spin,2239,R,71169544642238,71169544682171,39933
tcp,engine_spin,2240,R,71170108259203,71170108297587,38384
tcp,engine_spin,2243,R,71174489469083,71174489495772,26689
tcp,engine_spin,2249,A,71177680013927,71177680050737,36810
tcp,engine_spin,2250,A,71177769155475,71177769191440,35965
tcp,engine_spin,2255,A,71183503965028,71183503999922,34894
tcp,engine_spin,2257,A,71185006551338,71185006582298,30960
tcp,engine_spin,2260,A,71188880464261,71188880501683,37422
tcp,engine_spin,2261,A,71189412011541,71189412062982,51441
tcp,engine_spin,2265,A,71191970743771,71191970779999,36228
tcp,engine_spin,2273,A,71206910746869,71206910786206,39337
tcp,engine_spin,2289,A,71226106146765,71226106171529,24764
tcp,engine_spin,2291,A,71226805920449,71226805946298,25849
tcp,engine_spin,2294,A,71232910122059,71232910159953,37894
tcp,engine_spin,2296,A,71235079389870,71235079427690,37820
tcp,engine_spin,2299,A,71248211617964,71248211653598,35634
tcp,engine_spin,2300,A,71248654745665,71248654803497,57832
tcp,engine_spin,2302,R,71252379677747,71252379716787,39040
tcp,engine_spin,2306,A,71257681050070,71257681087025,36955
tcp,engine_spin,2307,A,71258145566254,71258145607110,40856
tcp,engine_spin,2309,A,71260449294584,71260449328934,34350
tcp,engine_spin,2310,A,71261071966850,71261071992417,25567
tcp,engine_spin,2314,A,71263722743948,71263722780316,36368
tcp,engine_spin,2323,A,71270215416597,71270215446299,29702
tcp,engine_spin,2324,R,71270455700690,71270455738378,37688
tcp,engine_spin,2327,R,71273189559742,71273189595152,35410
tcp,engine_spin,2330,R,71275790281650,71275790311819,30169
tcp,engine_spin,2331,R,71275790299929,71275790319900,19971
tcp,engine_spin,2332,R,71277861657632,71277861701963,44331
tcp,engine_spin,2333,A,71279061913235,71279061944309,31074
tcp,engine_spin,2337,A,71282686471031,71282686508196,37165
tcp,engine_spin,2338,A,71288193045132,71288193082784,37652
tcp,engine_spin,2339,A,71291941846149,71291941900676,54527
tcp,engine_spin,2344,A,71294615407543,71294615461292,53749
tcp,engine_spin,2347,A,71296179093657,71296179124723,31066
tcp,engine_spin,2349,R,71297872871475,71297872907049,35574
tcp,engine_spin,2355,A,71304466316161,71304466353632,37471
tcp,engine_spin,2358,A,71311758684366,71311758723847,39481
tcp,engine_spin,2360,A,71314534551764,71314534586891,35127
tcp,engine_spin,2362,A,71317362452690,71317362491568,38878
tcp,engine_spin,2364,A,71318223405280,71318223443080,37800
tcp,engine_spin,2367,A,71321084012868,71321084050277,37409
tcp,engine_spin,2372,A,71326708758753,71326708774862,16109
tcp,engine_spin,2377,A,71337991079228,71337991112412,33184
tcp,engine_spin,2381,A,71341861091743,71341861128354,36611
tcp,engine_spin,2382,A,71343231513796,71343231551121,37325
tcp,engine_spin,2386,A,71350643023383,71350643063534,40151
tcp,engine_spin,2387,A,71350688120431,71350688134647,14216
tcp,engine_spin,2390,R,71354482997526,71354483022562,25036
tcp,engine_spin,2391,R,71355238792221,71355238833058,40837
tcp,engine_spin,2392,A,71356866474183,71356866512051,37868
tcp,engine_spin,2395,A,71358423135963,71358423174067,38104
tcp,engine_spin,2401,A,71361823752275,71361823788600,36325
tcp,engine_spin,2402,R,71363453435318,71363453473604,38286
tcp,engine_spin,2410,A,71369453543258,71369453581664,38406
tcp,engine_spin,2411,A,71370419567842,71370419608871,41029
tcp,engine_spin,2414,A,71375643868347,71375643906304,37957
tcp,engine_spin,2418,A,71378599637776,71378599674024,36248
tcp,engine_spin,2419,R,71378886979085,71378887017775,38690
tcp,engine_spin,2420,A,71383946102967,71383946124124,21157
tcp,engine_spin,2421,A,71384786982957,71384787021573,38616
tcp,engine_spin,2423,A,71384958240252,71384960038883,1798631
tcp,engine_spin,2424,R,71384958256749,71384960039773,1783024
tcp,engine_spin,2425,A,71385152241344,71385152265762,24418
tcp,engine_spin,2426,R,71385701830386,71385701870705,40319
tcp,engine_spin,2427,R,71386113295352,71386113337855,42503
tcp,engine_spin,2429,R,71387903174572,71387903212807,38235
tcp,engine_spin,2433,R,71390364013955,71390364050072,36117
tcp,engine_spin,2435,R,71391679404375,71391679430100,25725
tcp,engine_spin,2436,R,71392376028900,71392376068583,39683
tcp,engine_spin,2445,A,71402364824557,71402364849572,25015
tcp,engine_spin,2451,A,71408940513299,71408940544844,31545
tcp,engine_spin,2452,A,71409629247643,71409629272391,24748
tcp,engine_spin,2454,R,71411222909176,71411222945386,36210
tcp,engine_spin,2457,A,71414782248800,71414782287311,38511
tcp,engine_spin,2461,A,71417420038859,71417420076229,37370
tcp,engine_spin,2463,A,71418706415827,71418706441038,25211
tcp,engine_spin,2466,R,71419992810560,71419992844369,33809
tcp,engine_spin,2470,R,71423534896373,71423534914412,18039
tcp,engine_spin,2473,R,71426282742794,71426282779531,36737
tcp,engine_spin,2475,R,71428617955051,71428617993032,37981
tcp,engine_spin,2476,R,71428926314416,71428926349667,35251
tcp,engine_spin,2525,A,71476688014520,71476688055709,41189
tcp,engine_spin,2530,A,71479558815037,71479564020822,5205785
tcp,engine_spin,2531,A,71479947422402,71479951181205,3758803
tcp,engine_spin,2533,A,71481104029394,71481104067968,38574
tcp,engine_spin,2537,A,71485857531849,71485857563461,31612
tcp,engine_spin,2554,A,71511002746385,71511002823411,77026
tcp,engine_spin,2555,A,71512256012106,71512256039501,27395
tcp,engine_spin,2563,A,71518080923343,71518080964673,41330
tcp,engine_spin,2566,A,71523642559913,71523642585249,25336
tcp,engine_spin,2567,A,71525275234013,71525275274512,40499
tcp,engine_spin,2568,A,71534024011938,71534024045069,33131
tcp,engine_spin,2573,A,71536832006125,71536832057148,51023
tcp,engine_spin,2576,A,71537893196693,71537893244788,48095
tcp,engine_spin,2582,A,71540837375739,71540837400959,25220
tcp,engine_spin,2586,A,71546733328280,71546733373701,45421
tcp,engine_spin,2587,A,71547039697078,71547039734868,37790
tcp,engine_spin,2593,A,71553213938067,71553213975288,37221
tcp,engine_spin,2595,R,71554240054521,71554240093839,39318
tcp,engine_spin,2596,R,71554240082507,71554240103462,20955
tcp,engine_spin,2597,R,71555143022163,71555143061089,38926
tcp,engine_spin,2598,A,71558387316633,71558387359451,42818
tcp,engine_spin,2602,R,71562977052979,71562977090564,37585
tcp,engine_spin,2604,A,71564495661959,71564495702134,40175
tcp,engine_spin,2615,A,71579439504450,71579439543176,38726
tcp,engine_spin,2623,A,71590443599770,71590443635064,35294
tcp,engine_spin,2625,A,71592978220478,71592978258890,38412
tcp,engine_spin,2631,A,71602768448795,71602768486154,37359
tcp,engine_spin,2633,A,71607296014323,71607296040803,26480
tcp,engine_spin,2635,A,71610665448677,71610665501974,53297
tcp,engine_spin,2638,R,71612871810218,71612871825517,15299
tcp,engine_spin,2639,R,71613705672531,71613705707633,35102
tcp,engine_spin,2640,R,71613759768765,71613759780630,11865
tcp,engine_spin,2647,R,71623160029442,71623160068694,39252
tcp,engine_spin,2649,A,71627575224482,71627575261529,37047
tcp,engine_spin,2650,A,71628218919218,71628218953526,34308
tcp,engine_spin,2651,R,71630150898780,71630150936041,37261
tcp,engine_spin,2653,A,71634853675289,71634853708333,33044
tcp,engine_spin,2655,A,71637924029257,71637924065724,36467
tcp,engine_spin,2656,A,71638275431526,71638275483258,51732
tcp,engine_spin,2659,A,71640484117990,71640484155878,37888
tcp,engine_spin,2660,A,71641302991224,71641303032712,41488
tcp,engine_spin,2664,A,71645597029098,71645597067309,38211
tcp,engine_spin,2666,A,71647186709153,71647186739604,30451
tcp,engine_spin,2670,A,71650381276525,71650381306940,30415
tcp,engine_spin,2673,R,71653479342959,71653479382047,39088
tcp,engine_spin,2675,R,71654677627364,71654677660934,33570
tcp,engine_spin,2676,R,71656427049420,71656427096675,47255
tcp,engine_spin,2684,R,71666633332936,71666633370936,38000
tcp,engine_spin,2690,A,71676152015640,71676152057264,41624
tcp,engine_spin,2693,A,71679102084194,71679102120981,36787
tcp,engine_spin,2701,A,71691377522495,71691377549858,27363
tcp,engine_spin,2703,A,71692848014804,71692848069363,54559
tcp,engine_spin,2704,A,71693293279963,71693293322070,42107
tcp,engine_spin,2708,A,71697979264126,71697979301891,37765
tcp,engine_spin,2714,R,71706021347274,71706021385285,38011
tcp,engine_spin,2716,A,71706861273071,71706861307302,34231
tcp,engine_spin,2717,A,71708767226278,71708767263064,36786
tcp,engine_spin,2719,A,71709911454512,71709911490967,36455
tcp,engine_spin,2721,R,71710861491808,71710861525571,33763
tcp,engine_spin,2731,A,71724101868176,71724101905141,36965
tcp,engine_spin,2735,A,71725856137612,71725856155375,17763
tcp,engine_spin,2738,A,71728417790139,71728417825257,35118
tcp,engine_spin,2742,A,71732414936830,71732414975601,38771
tcp,engine_spin,2743,A,71733998578012,71733999539486,961474
tcp,engine_spin,2745,A,71734991583342,71734991624077,40735
tcp,engine_spin,2747,A,71738802472314,71738802496351,24037
tcp,engine_spin,2749,A,71740036787530,71740036826960,39430
tcp,engine_spin,2758,R,71748543071549,71748543101889,30340
tcp,engine_spin,2759,R,71749775347654,71749775388969,41315
tcp,engine_spin,2762,R,71750805496155,71750805524812,28657
tcp,engine_spin,2768,A,71761099885917,71761099924928,39011
tcp,engine_spin,2771,A,71767495381187,71767495423727,42540
tcp,engine_spin,2772,A,71768429372530,71768429669069,296539
tcp,engine_spin,2774,A,71770008014113,71770008071007,56894
tcp,engine_spin,2779,A,71773121352465,71773121386120,33655
tcp,engine_spin,2790,R,71785415462135,71785415492137,30002
tcp,engine_spin,2791,R,71785512597107,71785512618779,21672
tcp,engine_spin,2798,A,71795211284174,71795211321831,37657
tcp,engine_spin,2800,A,71797943090802,71797943123704,32902
tcp,engine_spin,2802,A,71802732030497,71802732058937,28440
tcp,engine_spin,2805,A,71805748856453,71805748879595,23142
tcp,engine_spin,2809,A,71809299285385,71809299315432,30047
tcp,engine_spin,2814,A,71812743905356,71812743933146,27790
tcp,engine_spin,2817,A,71815184011945,71815184065629,53684
tcp,engine_spin,2818,A,71819628011618,71819628064016,52398
tcp,engine_spin,2825,R,71826804014824,71826804058853,44029
tcp,engine_spin,2827,R,71832953236886,71832953273831,36945
tcp,engine_spin,2836,A,71842444853797,71842444894077,40280
tcp,engine_spin,2837,A,71843971435244,71843971471501,36257
tcp,engine_spin,2839,A,71846116686662,71846116727655,40993
tcp,engine_spin,2842,A,71847906291234,71847906328741,37507
tcp,engine_spin,2843,A,71849238674515,71849238702464,27949
tcp,engine_spin,2846,A,71852596012735,71852596051539,38804
tcp,engine_spin,2847,A,71855287756283,71855287792235,35952
tcp,engine_spin,2858,R,71870167260209,71870167290934,30725
tcp,engine_spin,2863,A,71877165363875,71877165401092,37217
tcp,engine_spin,2864,R,71877198470065,71877198502567,32502
tcp,engine_spin,2867,R,71878870262221,71878870298117,35896
tcp,engine_spin,2873,A,71890661161900,71890661210924,49024
tcp,engine_spin,2874,A,71890661189404,71890661224286,34882
tcp,engine_spin,2880,A,71900356013820,71900356045251,31431
tcp,engine_spin,2881,A,71901487191947,71901487234008,42061
tcp,engine_spin,2882,R,71906546319937,71906546343299,23362
tcp,engine_spin,2883,A,71907735544392,71907735584006,39614
tcp,engine_spin,2885,A,71912135417373,71912135448082,30709
tcp,engine_spin,2887,A,71914798154128,71914798192824,38696
tcp,engine_spin,2888,A,71915872839494,71915872878801,39307
tcp,engine_spin,2906,A,71939083820169,71939083858479,38310
tcp,engine_spin,2910,A,71940458309298,71940458345825,36527
tcp,engine_spin,2911,A,71942240012424,71942240068047,55623
tcp,engine_spin,2913,A,71943336281999,71943336320625,38626
tcp,engine_spin,2915,A,71948946967017,71948947008026,41009
tcp,engine_spin,2916,A,71951186262109,71951186336230,74121
tcp,engine_spin,2918,R,71952593781350,71952593818525,37175
tcp,engine_spin,2920,R,71954379100406,71954379134885,34479
tcp,engine_spin,2921,R,71955055824926,71955055862565,37639
tcp,engine_spin,2922,R,71955055853060,71955055873356,20296
tcp,engine_spin,2924,R,71957891748964,71957891774893,25929
tcp,engine_spin,2927,R,71960616029084,71960616055738,26654
tcp,engine_spin,2928,R,71960815268305,71960815299332,31027
tcp,engine_spin,2930,R,71962768297069,71962768314598,17529
tcp,engine_spin,2941,A,71969559186128,71969559223916,37788
tcp,engine_spin,2952,A,71987327001269,71987327036941,35672
tcp,engine_spin,2954,A,71991636203849,71991636242862,39013
tcp,engine_spin,2960,A,71998392012485,71998392069365,56880
tcp,engine_spin,2963,A,72000799571398,72000799592616,21218
tcp,engine_spin,2966,A,72004023891371,72004023915425,24054
tcp,engine_spin,2967,A,72004280016068,72004283103525,3087457
tcp,engine_spin,2975,R,72009865648292,72009865688293,40001
tcp,engine_spin,2977,A,72011137009437,72011137049068,39631
tcp,engine_spin,2981,R,72019316014096,72019316045542,31446
tcp,engine_spin,2983,R,72019679474863,72019679513421,38558
tcp,engine_spin,2985,A,72023205086788,72023205117976,31188
tcp,engine_spin,2993,A,72037421377412,72037421393568,16156
tcp,engine_spin,2994,A,72040164012105,72040164050456,38351
tcp,engine_spin,2995,A,72041146047729,72041146084884,37155
tcp,engine_spin,3005,A,72058549558270,72058549596529,38259
tcp,engine_spin,3009,A,72060362505831,72060362543048,37217
tcp,engine_spin,3013,A,72063767044822,72063767064537,19715
tcp,engine_spin,3023,A,72075946273195,72075946313162,39967
tcp,engine_spin,3024,A,72077963347205,72077963387026,39821
tcp,engine_spin,3030,A,72086312027129,72086312055485,28356
tcp,engine_spin,3036,A,72101059874446,72101059914162,39716
tcp,engine_spin,3037,A,72102118986303,72102119026323,40020
tcp,engine_spin,3039,R,72105306266814,72105306305613,38799
tcp,engine_spin,3041,A,72107723768555,72107723804408,35853
