transport,execution_mode,trade_id,received_ns,send_started_ns,tto_ns
tcp,engine_probe,33,60760244023657,60760244026089,2432
tcp,engine_probe,34,60760566394836,60760566399665,4829
tcp,engine_probe,35,60761340035097,60761340040543,5446
tcp,engine_probe,36,60761604364446,60761604368952,4506
tcp,engine_probe,44,60769234076916,60769234081119,4203
tcp,engine_probe,47,60773208590723,60773208595039,4316
tcp,engine_probe,49,60774273748132,60774273753655,5523
tcp,engine_probe,50,60775004046092,60775004051036,4944
tcp,engine_probe,53,60777851021183,60777851026107,4924
tcp,engine_probe,57,60780913568966,60780913573403,4437
tcp,engine_probe,62,60783341191685,60783341195759,4074
tcp,engine_probe,67,60785350383130,60785350387903,4773
tcp,engine_probe,68,60786051139056,60786051144975,5919
tcp,engine_probe,69,60786362503212,60786362507723,4511
tcp,engine_probe,72,60796016038200,60796016042898,4698
tcp,engine_probe,83,60808168093909,60808168096852,2943
tcp,engine_probe,84,60810360050365,60810360054650,4285
tcp,engine_probe,85,60813028048979,60813028053973,4994
tcp,engine_probe,89,60816108666436,60816108670325,3889
tcp,engine_probe,91,60818540028934,60818540033599,4665
tcp,engine_probe,94,60825584049521,60825584053969,4448
tcp,engine_probe,98,60828380044962,60828380047509,2547
tcp,engine_probe,99,60829314018541,60829314023303,4762
tcp,engine_probe,109,60836192993120,60836192995677,2557
tcp,engine_probe,112,60841261144337,60841261146846,2509
tcp,engine_probe,115,60841745756487,60841745758715,2228
tcp,engine_probe,121,60845044266195,60845044269859,3664
tcp,engine_probe,124,60847389726099,60847389730158,4059
tcp,engine_probe,127,60849668765531,60849668769525,3994
tcp,engine_probe,140,60862487186581,60862487189876,3295
tcp,engine_probe,143,60863528034198,60863528039235,5037
tcp,engine_probe,145,60864440006996,60864440009516,2520
tcp,engine_probe,146,60865809443387,60865809447777,4390
tcp,engine_probe,149,60868986319922,60868986324307,4385
tcp,engine_probe,151,60879013417845,60879013420987,3142
tcp,engine_probe,152,60879904031626,60879904034117,2491
tcp,engine_probe,153,60880062233981,60880062236964,2983
tcp,engine_probe,156,60882384663141,60882384667224,4083
tcp,engine_probe,161,60888500881938,60888500886327,4389
tcp,engine_probe,164,60892103598014,60892103600802,2788
tcp,engine_probe,176,60905934593150,60905934597262,4112
tcp,engine_probe,180,60908343148646,60908343153009,4363
tcp,engine_probe,181,60912616467661,60912616472560,4899
tcp,engine_probe,187,60916540605120,60916540607702,2582
tcp,engine_probe,190,60918691085809,60918691088972,3163
tcp,engine_probe,192,60922541484765,60922541490301,5536
tcp,engine_probe,193,60922947962977,60922947968883,5906
tcp,engine_probe,198,60930328049863,60930328054515,4652
tcp,engine_probe,200,60930818620651,60930818625517,4866
tcp,engine_probe,202,60931047959562,60931047962844,3282
tcp,engine_probe,203,60931140017604,60931140019807,2203
tcp,engine_probe,204,60932879798837,60932879800988,2151
tcp,engine_probe,207,60935513562857,60935513567985,5128
tcp,engine_probe,210,60939220405352,60939220410843,5491
tcp,engine_probe,224,60945710084157,60945710088808,4651
tcp,engine_probe,225,60946113525070,60946113527399,2329
tcp,engine_probe,228,60948065597331,60948065601609,4278
tcp,engine_probe,239,60960796048330,60960796053039,4709
tcp,engine_probe,240,60961009316155,60961009320890,4735
tcp,engine_probe,255,60986186546914,60986186550434,3520
tcp,engine_probe,256,60986249641107,60986249643171,2064
tcp,engine_probe,257,60986690128217,60986690130547,2330
tcp,engine_probe,265,60993437000304,60993437005767,5463
tcp,engine_probe,270,60997550022572,60997550027743,5171
tcp,engine_probe,273,61001940040386,61001940042548,2162
tcp,engine_probe,277,61005841082995,61005841086019,3024
tcp,engine_probe,279,61006836038017,61006836043690,5673
tcp,engine_probe,281,61007898195087,61007898197546,2459
tcp,engine_probe,282,61007898213088,61007898214202,1114
tcp,engine_probe,283,61009128052008,61009128056925,4917
tcp,engine_probe,284,61009329296651,61009329301209,4558
tcp,engine_probe,287,61014032034409,61014032037561,3152
tcp,engine_probe,288,61016900940406,61016900943135,2729
tcp,engine_probe,294,61022965096330,61022965101772,5442
tcp,engine_probe,297,61028487659275,61028487661885,2610
tcp,engine_probe,299,61029947204630,61029947207395,2765
tcp,engine_probe,305,61035647983978,61035647986983,3005
tcp,engine_probe,307,61037318669293,61037318674367,5074
tcp,engine_probe,312,61044944035670,61044944039792,4122
tcp,engine_probe,313,61047488472861,61047488477975,5114
tcp,engine_probe,315,61051136052017,61051136056910,4893
tcp,engine_probe,316,61053326296749,61053326301942,5193
tcp,engine_probe,318,61055917968899,61055917973084,4185
tcp,engine_probe,324,61061296035622,61061296040755,5133
tcp,engine_probe,327,61062485343475,61062485346962,3487
tcp,engine_probe,333,61067164322700,61067164327648,4948
tcp,engine_probe,335,61068378611065,61068378615725,4660
tcp,engine_probe,337,61070394717242,61070394722268,5026
tcp,engine_probe,340,61074738192800,61074738197284,4484
tcp,engine_probe,343,61075657245175,61075657250283,5108
tcp,engine_probe,344,61076435073095,61076435077602,4507
tcp,engine_probe,348,61084345086938,61084345092193,5255
tcp,engine_probe,350,61085955788465,61085955793450,4985
tcp,engine_probe,351,61085955813158,61085955814331,1173
tcp,engine_probe,354,61088204033863,61088204037825,3962
tcp,engine_probe,355,61088465342934,61088465345857,2923
tcp,engine_probe,357,61092142428535,61092142434050,5515
tcp,engine_probe,360,61096563960823,61096563963973,3150
tcp,engine_probe,369,61106299903944,61106299906999,3055
tcp,engine_probe,372,61110724050489,61110724055534,5045
tcp,engine_probe,375,61114182631189,61114182635969,4780
tcp,engine_probe,387,61128511193001,61128511198447,5446
tcp,engine_probe,389,61129579345345,61129579350291,4946
tcp,engine_probe,391,61131777623520,61131777627422,3902
tcp,engine_probe,392,61131810698547,61131810699839,1292
tcp,engine_probe,394,61133212034908,61133212040249,5341
tcp,engine_probe,395,61133212072200,61133212073461,1261
tcp,engine_probe,396,61133933838498,61133933843759,5261
tcp,engine_probe,399,61137487546129,61137487549451,3322
tcp,engine_probe,407,61146153831636,61146153836520,4884
tcp,engine_probe,408,61146548044304,61146548050818,6514
tcp,engine_probe,409,61147623176772,61147623183140,6368
tcp,engine_probe,411,61147834462303,61147834467754,5451
tcp,engine_probe,413,61150446175297,61150446178891,3594
tcp,engine_probe,418,61154163786879,61154163790101,3222
tcp,engine_probe,419,61154199860774,61154199862232,1458
tcp,engine_probe,422,61157779540479,61157779543783,3304
tcp,engine_probe,426,61160506380070,61160506385686,5616
tcp,engine_probe,427,61160722637672,61160722641743,4071
tcp,engine_probe,430,61163243993534,61163243998205,4671
tcp,engine_probe,431,61164310112159,61164310116962,4803
tcp,engine_probe,433,61168992024816,61168992027865,3049
tcp,engine_probe,437,61172458626377,61172458629496,3119
tcp,engine_probe,439,61175028034703,61175028040453,5750
tcp,engine_probe,442,61179016039335,61179016041519,2184
tcp,engine_probe,444,61182364488975,61182364494360,5385
tcp,engine_probe,448,61186682408999,61186682414502,5503
tcp,engine_probe,458,61202800037409,61202800042767,5358
tcp,engine_probe,464,61215749503698,61215749509041,5343
tcp,engine_probe,465,61215749527295,61215749528367,1072
tcp,engine_probe,467,61217255121470,61217255124069,2599
tcp,engine_probe,472,61226866587541,61226866593372,5831
tcp,engine_probe,475,61229489703237,61229489707892,4655
tcp,engine_probe,476,61229629885506,61229629888382,2876
tcp,engine_probe,481,61235422808088,61235422810961,2873
tcp,engine_probe,482,61236526963169,61236526968130,4961
tcp,engine_probe,484,61238213746437,61238213751232,4795
tcp,engine_probe,488,61242434360254,61242434363238,2984
tcp,engine_probe,489,61243619599473,61243619604357,4884
tcp,engine_probe,490,61244340048504,61244340052929,4425
tcp,engine_probe,493,61249868636720,61249868642220,5500
tcp,engine_probe,496,61253613091743,61253613095704,3961
tcp,engine_probe,498,61256321876419,61256321880555,4136
tcp,engine_probe,499,61257142749395,61257142753857,4462
tcp,engine_probe,503,61259363704031,61259363706528,2497
tcp,engine_probe,504,61259751136414,61259751139538,3124
tcp,engine_probe,505,61261243669144,61261243672672,3528
tcp,engine_probe,506,61262989462401,61262989465874,3473
tcp,engine_probe,509,61263534119221,61263534122198,2977
tcp,engine_probe,512,61265591274112,61265591279149,5037
tcp,engine_probe,515,61272111885100,61272111890085,4985
tcp,engine_probe,519,61275113578787,61275113584126,5339
tcp,engine_probe,522,61279660045654,61279660051250,5596
tcp,engine_probe,524,61287040035431,61287040040510,5079
tcp,engine_probe,528,61291159692827,61291159697311,4484
tcp,engine_probe,534,61295549204019,61295549209226,5207
tcp,engine_probe,535,61295974681719,61295974686661,4942
tcp,engine_probe,536,61301028790640,61301028795462,4822
tcp,engine_probe,538,61303673691619,61303673696293,4674
tcp,engine_probe,552,61321918041456,61321918045782,4326
tcp,engine_probe,553,61322818986346,61322818989011,2665
tcp,engine_probe,555,61324245510427,61324245515395,4968
tcp,engine_probe,567,61341045454478,61341045459495,5017
tcp,engine_probe,571,61344703264897,61344703270314,5417
tcp,engine_probe,575,61346639370553,61346639375145,4592
tcp,engine_probe,577,61350660036694,61350660041414,4720
tcp,engine_probe,583,61359578102003,61359578105523,3520
tcp,engine_probe,586,61362342981522,61362342984799,3277
tcp,engine_probe,589,61368193423864,61368193428837,4973
tcp,engine_probe,590,61368795077253,61368795082071,4818
tcp,engine_probe,592,61371724046984,61371724050144,3160
tcp,engine_probe,601,61381689028811,61381689033782,4971
tcp,engine_probe,607,61385328898508,61385328903748,5240
tcp,engine_probe,608,61385798419632,61385798424504,4872
tcp,engine_probe,614,61390841517306,61390841521442,4136
tcp,engine_probe,615,61390841533907,61390841535095,1188
tcp,engine_probe,617,61392809589547,61392809594345,4798
tcp,engine_probe,618,61393960050696,61393960055559,4863
tcp,engine_probe,619,61400028033455,61400028038822,5367
tcp,engine_probe,631,61410539605909,61410539610594,4685
tcp,engine_probe,634,61414115301710,61414115306280,4570
tcp,engine_probe,637,61416084418283,61416084422594,4311
tcp,engine_probe,642,61424168046114,61424168050178,4064
tcp,engine_probe,654,61437348037073,61437348058001,20928
tcp,engine_probe,658,61443438195652,61443438200241,4589
tcp,engine_probe,659,61443720531168,61443720536364,5196
tcp,engine_probe,662,61446319250792,61446319255597,4805
tcp,engine_probe,663,61448979964273,61448979969020,4747
tcp,engine_probe,665,61453753810501,61453753814687,4186
tcp,engine_probe,669,61459722861643,61459722867988,6345
tcp,engine_probe,671,61460093344313,61460093347617,3304
tcp,engine_probe,676,61467526557496,61467526560948,3452
tcp,engine_probe,686,61479267423190,61479267428085,4895
tcp,engine_probe,688,61483934391568,61483934396416,4848
tcp,engine_probe,695,61487545728742,61487545733279,4537
tcp,engine_probe,703,61504780008893,61504780027362,18469
tcp,engine_probe,704,61506414708070,61506414713161,5091
tcp,engine_probe,708,61509313369630,61509313372789,3159
tcp,engine_probe,718,61526311485388,61526311489299,3911
tcp,engine_probe,721,61527561840412,61527561845576,5164
tcp,engine_probe,742,61551234652388,61551234655315,2927
tcp,engine_probe,745,61556006931714,61556006936615,4901
tcp,engine_probe,746,61556438415440,61556438420092,4652
tcp,engine_probe,748,61557544048645,61557544052156,3511
tcp,engine_probe,749,61557547123738,61557547124700,962
tcp,engine_probe,752,61561096049306,61561096052979,3673
tcp,engine_probe,753,61563821903535,61563821908058,4523
tcp,engine_probe,758,61565864630667,61565864634282,3615
tcp,engine_probe,760,61567568418555,61567568423568,5013
tcp,engine_probe,761,61567651551269,61567651555029,3760
tcp,engine_probe,768,61576929979232,61576929982647,3415
tcp,engine_probe,770,61578953089691,61578953094778,5087
tcp,engine_probe,774,61581681977868,61581681982099,4231
tcp,engine_probe,775,61582322668591,61582322672812,4221
tcp,engine_probe,777,61583713081441,61583713084119,2678
tcp,engine_probe,778,61587732049029,61587732054189,5160
tcp,engine_probe,780,61591178486490,61591178492475,5985
tcp,engine_probe,783,61595003972476,61595003976930,4454
tcp,engine_probe,786,61603112050568,61603112055101,4533
tcp,engine_probe,789,61604586570164,61604586575882,5718
tcp,engine_probe,796,61612382678989,61612382684397,5408
tcp,engine_probe,797,61612908035253,61612908040034,4781
tcp,engine_probe,800,61613902145385,61613902149385,4000
tcp,engine_probe,802,61616544051190,61616544055754,4564
tcp,engine_probe,803,61617795352104,61617795357247,5143
tcp,engine_probe,806,61620081780953,61620081783968,3015
tcp,engine_probe,810,61625433203042,61625433208500,5458
tcp,engine_probe,811,61627113949374,61627113954084,4710
tcp,engine_probe,819,61632223127621,61632223132422,4801
tcp,engine_probe,820,61635541495170,61635541500171,5001
tcp,engine_probe,825,61640453465044,61640453470098,5054
tcp,engine_probe,831,61648735855024,61648735859946,4922
tcp,engine_probe,835,61653623869174,61653623872284,3110
tcp,engine_probe,839,61656100034075,61656100039062,4987
tcp,engine_probe,840,61656711698182,61656711703730,5548
tcp,engine_probe,843,61658043245378,61658043249200,3822
tcp,engine_probe,845,61661316042396,61661316046329,3933
tcp,engine_probe,848,61663931779594,61663931784214,4620
tcp,engine_probe,850,61666314246794,61666314252366,5572
tcp,engine_probe,851,61667539527765,61667539532694,4929
tcp,engine_probe,853,61669878830737,61669878835267,4530
tcp,engine_probe,857,61674662099157,61674662104596,5439
tcp,engine_probe,858,61675285776055,61675285780553,4498
tcp,engine_probe,859,61675532073135,61675532077449,4314
tcp,engine_probe,865,61682700049042,61682700053880,4838
tcp,engine_probe,866,61682882285258,61682882289541,4283
tcp,engine_probe,870,61684626635786,61684626639526,3740
tcp,engine_probe,872,61691560040347,61691560045126,4779
tcp,engine_probe,877,61694922596523,61694922601491,4968
tcp,engine_probe,878,61698584040602,61698584045243,4641
tcp,engine_probe,879,61698590117068,61698590118478,1410
tcp,engine_probe,880,61702656052393,61702656057556,5163
tcp,engine_probe,888,61714355903912,61714355908663,4751
tcp,engine_probe,893,61720514592541,61720514597068,4527
tcp,engine_probe,894,61721877992861,61721877996833,3972
tcp,engine_probe,898,61726067941540,61726067945992,4452
tcp,engine_probe,899,61726479394549,61726479397306,2757
tcp,engine_probe,907,61732462479113,61732462484038,4925
tcp,engine_probe,908,61732720787673,61732720792220,4547
tcp,engine_probe,914,61737170200604,61737170205817,5213
tcp,engine_probe,915,61741537610403,61741537613247,2844
tcp,engine_probe,917,61741793925746,61741793931392,5646
tcp,engine_probe,921,61744183451515,61744183455611,4096
tcp,engine_probe,922,61744183473963,61744183475280,1317
tcp,engine_probe,923,61745535868889,61745535873325,4436
tcp,engine_probe,924,61745631003984,61745631007007,3023
tcp,engine_probe,926,61750439658252,61750439661447,3195
tcp,engine_probe,943,61770215609153,61770215615302,6149
tcp,engine_probe,946,61774116104026,61774116106677,2651
tcp,engine_probe,952,61783299453837,61783299459678,5841
tcp,engine_probe,954,61783960027668,61783960030726,3058
tcp,engine_probe,955,61784584701223,61784584705767,4544
tcp,engine_probe,961,61792714049369,61792714051987,2618
tcp,engine_probe,963,61798360700089,61798360704720,4631
tcp,engine_probe,964,61798783173192,61798783177851,4659
tcp,engine_probe,970,61804383875444,61804383878724,3280
tcp,engine_probe,972,61805214202420,61805214206829,4409
tcp,engine_probe,977,61812859947318,61812859952173,4855
tcp,engine_probe,979,61817476036848,61817476041462,4614
tcp,engine_probe,982,61820077776902,61820077779751,2849
tcp,engine_probe,983,61820171918977,61820171923719,4742
tcp,engine_probe,984,61820866666255,61820866671926,5671
tcp,engine_probe,988,61824145098415,61824145102671,4256
tcp,engine_probe,989,61825462360971,61825462365778,4807
tcp,engine_probe,990,61825729679219,61825729683446,4227
tcp,engine_probe,993,61828326377606,61828326382540,4934
tcp,engine_probe,995,61831048050861,61831048055559,4698
tcp,engine_probe,996,61833528040190,61833528045115,4925
tcp,engine_probe,997,61834476030805,61834476035375,4570
tcp,engine_probe,998,61834964492644,61834964497753,5109
tcp,engine_probe,1001,61836781422072,61836781425863,3791
tcp,engine_probe,1009,61841916611024,61841916616161,5137
tcp,engine_probe,1010,61842325072049,61842325076554,4505
tcp,engine_probe,1011,61842940132389,61842940137527,5138
tcp,engine_probe,1014,61845011328698,61845011333518,4820
tcp,engine_probe,1017,61850663041802,61850663043878,2076
tcp,engine_probe,1018,61850865286323,61850865290417,4094
tcp,engine_probe,1021,61852999230185,61852999235679,5494
tcp,engine_probe,1024,61859413711813,61859413716679,4866
tcp,engine_probe,1028,61866572037816,61866572042638,4822
tcp,engine_probe,1029,61867088621783,61867088626115,4332
tcp,engine_probe,1033,61869893560478,61869893564433,3955
tcp,engine_probe,1036,61871704042284,61871704046394,4110
tcp,engine_probe,1040,61873597069593,61873597073391,3798
tcp,engine_probe,1042,61875620050618,61875620054994,4376
tcp,engine_probe,1043,61875680137717,61875680138803,1086
tcp,engine_probe,1048,61880055478116,61880055483013,4897
tcp,engine_probe,1052,61883327908299,61883327912809,4510
tcp,engine_probe,1058,61891842600166,61891842604535,4369
tcp,engine_probe,1061,61895457133369,61895457136830,3461
tcp,engine_probe,1063,61904281153091,61904281157826,4735
tcp,engine_probe,1065,61907099060243,61907099065476,5233
tcp,engine_probe,1066,61907486501667,61907486505669,4002
tcp,engine_probe,1070,61910520235453,61910520240285,4832
tcp,engine_probe,1075,61914094995162,61914095000165,5003
tcp,engine_probe,1080,61917087127880,61917087130787,2907
tcp,engine_probe,1081,61918271358264,61918271362595,4331
tcp,engine_probe,1083,61920656038240,61920656043426,5186
tcp,engine_probe,1086,61925364428982,61925364433630,4648
tcp,engine_probe,1089,61928502583434,61928502586353,2919
tcp,engine_probe,1092,61930688035522,61930688040591,5069
tcp,engine_probe,1093,61931387784056,61931387788946,4890
tcp,engine_probe,1094,61931938383935,61931938388383,4448
tcp,engine_probe,1096,61933600028465,61933600033690,5225
tcp,engine_probe,1097,61933963433846,61933963439792,5946
tcp,engine_probe,1107,61947740036633,61947740041726,5093
tcp,engine_probe,1114,61962112047857,61962112051260,3403
tcp,engine_probe,1120,61973334351843,61973334356998,5155
tcp,engine_probe,1121,61974397469451,61974397473836,4385
tcp,engine_probe,1126,61977005279993,61977005284466,4473
tcp,engine_probe,1127,61977318643992,61977318648929,4937
tcp,engine_probe,1128,61978265644475,61978265649043,4568
tcp,engine_probe,1132,61982530050300,61982530054940,4640
tcp,engine_probe,1145,61997478190012,61997478192842,2830
tcp,engine_probe,1151,62003737523313,62003737526932,3619
tcp,engine_probe,1153,62004742591109,62004742593823,2714
tcp,engine_probe,1156,62008236047731,62008236052703,4972
tcp,engine_probe,1157,62008330194888,62008330199857,4969
tcp,engine_probe,1158,62008364275613,62008364278076,2463
tcp,engine_probe,1159,62008928890860,62008928895922,5062
tcp,engine_probe,1162,62014746780807,62014746784745,3938
tcp,engine_probe,1163,62015082165579,62015082169890,4311
tcp,engine_probe,1164,62015101251529,62015101252951,1422
tcp,engine_probe,1170,62020788006023,62020788010055,4032
tcp,engine_probe,1171,62022397684033,62022397689089,5056
tcp,engine_probe,1175,62025560031486,62025560036440,4954
tcp,engine_probe,1185,62036316883479,62036316886500,3021
tcp,engine_probe,1193,62042031707041,62042031711982,4941
tcp,engine_probe,1195,62044964043096,62044964048260,5164
tcp,engine_probe,1197,62047890484062,62047890489065,5003
tcp,engine_probe,1203,62054373253810,62054373256198,2388
tcp,engine_probe,1211,62058612779255,62058612782718,3463
tcp,engine_probe,1215,62064043299442,62064043303968,4526
tcp,engine_probe,1218,62068057042901,62068057045624,2723
tcp,engine_probe,1219,62068892928434,62068892933519,5085
tcp,engine_probe,1220,62068928008286,62068928009431,1145
tcp,engine_probe,1234,62090343519869,62090343525209,5340
tcp,engine_probe,1236,62094915910729,62094915914927,4198
tcp,engine_probe,1237,62095445481612,62095445484323,2711
tcp,engine_probe,1242,62099856051815,62099856056942,5127
tcp,engine_probe,1247,62102958323390,62102958328447,5057
tcp,engine_probe,1250,62107411032812,62107411037874,5062
tcp,engine_probe,1256,62113987689522,62113987691841,2319
tcp,engine_probe,1257,62114573317485,62114573321444,3959
tcp,engine_probe,1258,62114628404088,62114628405872,1784
tcp,engine_probe,1259,62115660483388,62115660488619,5231
tcp,engine_probe,1262,62125784668788,62125784673649,4861
tcp,engine_probe,1263,62125917836492,62125917837950,1458
tcp,engine_probe,1264,62126131088767,62126131092941,4174
tcp,engine_probe,1265,62127333340017,62127333345100,5083
tcp,engine_probe,1267,62127820910614,62127820916227,5613
tcp,engine_probe,1270,62130841054060,62130841058907,4847
tcp,engine_probe,1271,62131594861133,62131594866678,5545
tcp,engine_probe,1273,62135358711839,62135358717827,5988
tcp,engine_probe,1278,62139086656293,62139086660954,4661
tcp,engine_probe,1279,62139990612760,62139990618060,5300
tcp,engine_probe,1281,62143289995663,62143290000089,4426
tcp,engine_probe,1283,62144175970264,62144175975546,5282
tcp,engine_probe,1286,62144996900467,62144996904832,4365
tcp,engine_probe,1289,62147628634267,62147628638107,3840
tcp,engine_probe,1297,62158667776353,62158667780763,4410
tcp,engine_probe,1298,62158907067991,62158907071884,3893
tcp,engine_probe,1300,62163826064437,62163826068777,4340
tcp,engine_probe,1301,62164516800505,62164516803097,2592
tcp,engine_probe,1305,62168670286608,62168670291161,4553
tcp,engine_probe,1309,62174548233376,62174548237891,4515
tcp,engine_probe,1311,62176214990481,62176214996147,5666
tcp,engine_probe,1314,62179188024765,62179188029697,4932
tcp,engine_probe,1315,62180177069656,62180177074794,5138
tcp,engine_probe,1317,62181561558236,62181561562785,4549
tcp,engine_probe,1326,62193341366505,62193341369006,2501
tcp,engine_probe,1333,62197657885798,62197657891280,5482
tcp,engine_probe,1335,62200615933817,62200615938823,5006
tcp,engine_probe,1336,62200787136982,62200787138736,1754
tcp,engine_probe,1339,62202725263451,62202725267717,4266
tcp,engine_probe,1341,62204253878007,62204253883014,5007
tcp,engine_probe,1342,62204946622078,62204946627338,5260
tcp,engine_probe,1345,62208010222795,62208010227956,5161
tcp,engine_probe,1353,62221061410115,62221061415290,5175
tcp,engine_probe,1358,62224874282274,62224874287121,4847
tcp,engine_probe,1361,62234415920127,62234415925200,5073
tcp,engine_probe,1370,62244309097487,62244309100263,2776
tcp,engine_probe,1375,62250775627596,62250775632453,4857
tcp,engine_probe,1378,62254129406253,62254129411053,4800
tcp,engine_probe,1381,62256090359885,62256090364453,4568
tcp,engine_probe,1383,62259752049732,62259752053628,3896
tcp,engine_probe,1384,62259770124773,62259770125826,1053
tcp,engine_probe,1406,62275410460708,62275410464130,3422
tcp,engine_probe,1407,62275716816824,62275716821239,4415
tcp,engine_probe,1410,62280168388882,62280168393005,4123
tcp,engine_probe,1411,62280768038678,62280768043490,4812
tcp,engine_probe,1412,62282598921364,62282598926046,4682
tcp,engine_probe,1413,62283247622366,62283247626080,3714
tcp,engine_probe,1414,62284442854569,62284442856971,2402
tcp,engine_probe,1415,62286092026956,62286092031643,4687
tcp,engine_probe,1416,62286127106281,62286127107599,1318
tcp,engine_probe,1419,62289255922601,62289255927467,4866
tcp,engine_probe,1422,62295042768380,62295042771523,3143
tcp,engine_probe,1425,62299136598364,62299136603129,4765
tcp,engine_probe,1426,62299498018285,62299498023811,5526
tcp,engine_probe,1427,62300445448267,62300445451650,3383
tcp,engine_probe,1441,62321956043483,62321956046855,3372
tcp,engine_probe,1442,62322241383270,62322241388017,4747
tcp,engine_probe,1444,62322289518750,62322289520067,1317
tcp,engine_probe,1448,62326594416247,62326594419080,2833
tcp,engine_probe,1449,62327046918207,62327046921786,3579
tcp,engine_probe,1450,62328198119917,62328198126024,6107
tcp,engine_probe,1454,62333534521889,62333534526615,4726
tcp,engine_probe,1459,62340240300309,62340240304630,4321
tcp,engine_probe,1461,62342401527520,62342401530276,2756
tcp,engine_probe,1462,62344451625224,62344451630062,4838
tcp,engine_probe,1465,62349147431052,62349147436221,5169
tcp,engine_probe,1467,62349678079056,62349678081515,2459
tcp,engine_probe,1482,62371743203781,62371743208791,5010
tcp,engine_probe,1485,62374131706688,62374131711566,4878
tcp,engine_probe,1486,62375790418602,62375790423485,4883
tcp,engine_probe,1494,62380515629353,62380515632415,3062
tcp,engine_probe,1495,62384608050333,62384608055986,5653
tcp,engine_probe,1500,62390301810513,62390301815636,5123
tcp,engine_probe,1507,62400796125679,62400796128924,3245
tcp,engine_probe,1509,62403116051016,62403116055784,4768
tcp,engine_probe,1514,62409080650134,62409080654540,4406
tcp,engine_probe,1518,62414804030478,62414804033340,2862
tcp,engine_probe,1523,62422647933529,62422647938457,4928
tcp,engine_probe,1528,62425406735470,62425406740474,5004
tcp,engine_probe,1529,62427557966195,62427557971550,5355
tcp,engine_probe,1530,62427900047615,62427900052039,4424
tcp,engine_probe,1531,62427900066705,62427900067971,1266
tcp,engine_probe,1532,62428482678157,62428482681020,2863
tcp,engine_probe,1533,62428679905204,62428679907360,2156
tcp,engine_probe,1541,62433760036920,62433760041381,4461
tcp,engine_probe,1544,62434985396970,62434985400626,3656
tcp,engine_probe,1545,62435593060314,62435593065728,5414
tcp,engine_probe,1548,62436438015192,62436438018836,3644
tcp,engine_probe,1549,62437504129586,62437504134545,4959
tcp,engine_probe,1554,62450106794234,62450106800365,6131
tcp,engine_probe,1556,62454364039331,62454364060357,21026
tcp,engine_probe,1558,62456522292329,62456522296504,4175
tcp,engine_probe,1559,62458199012886,62458199018352,5466
tcp,engine_probe,1576,62480032047343,62480032052261,4918
tcp,engine_probe,1577,62480700772699,62480700777652,4953
tcp,engine_probe,1578,62481182320291,62481182325224,4933
tcp,engine_probe,1581,62483863983278,62483863987932,4654
tcp,engine_probe,1582,62484271468246,62484271472534,4288
tcp,engine_probe,1584,62484446706621,62484446709911,3290
tcp,engine_probe,1585,62486090401473,62486090406351,4878
tcp,engine_probe,1586,62487016372346,62487016374719,2373
tcp,engine_probe,1587,62487513911728,62487513916253,4525
tcp,engine_probe,1591,62490101624795,62490101629349,4554
tcp,engine_probe,1594,62491330974020,62491330978174,4154
tcp,engine_probe,1601,62498756039277,62498756044370,5093
tcp,engine_probe,1602,62499343678352,62499343683282,4930
tcp,engine_probe,1603,62499571955791,62499571960270,4479
tcp,engine_probe,1612,62517033561571,62517033565861,4290
tcp,engine_probe,1613,62518359938861,62518359944371,5510
tcp,engine_probe,1614,62521651284386,62521651289428,5042
tcp,engine_probe,1625,62534795458302,62534795461899,3597
tcp,engine_probe,1632,62539865580995,62539865585784,4789
tcp,engine_probe,1633,62543440203230,62543440207039,3809
tcp,engine_probe,1636,62551685754538,62551685759228,4690
tcp,engine_probe,1637,62552939061010,62552939065828,4818
tcp,engine_probe,1638,62553155331663,62553155336187,4524
tcp,engine_probe,1639,62553432655875,62553432658149,2274
tcp,engine_probe,1642,62560772053099,62560772058252,5153
tcp,engine_probe,1644,62562447811719,62562447816626,4907
tcp,engine_probe,1646,62563732048148,62563732054004,5856
tcp,engine_probe,1647,62564373740133,62564373742830,2697
tcp,engine_probe,1649,62565224552573,62565224555421,2848
tcp,engine_probe,1651,62565914320406,62565914325682,5276
tcp,engine_probe,1652,62566207662178,62566207666535,4357
tcp,engine_probe,1654,62566810322303,62566810325818,3515
tcp,engine_probe,1657,62572223800534,62572223806210,5676
tcp,engine_probe,1660,62572833088875,62572833091465,2590
tcp,engine_probe,1662,62576844049202,62576844054632,5430
tcp,engine_probe,1674,62590288050488,62590288055897,5409
tcp,engine_probe,1678,62595148048249,62595148052605,4356
tcp,engine_probe,1679,62595384331194,62595384335869,4675
tcp,engine_probe,1687,62607993071326,62607993075493,4167
tcp,engine_probe,1691,62613319460934,62613319465425,4491
tcp,engine_probe,1693,62616139347029,62616139350019,2990
tcp,engine_probe,1694,62616542797779,62616542801979,4200
tcp,engine_probe,1695,62616796036221,62616796041563,5342
tcp,engine_probe,1696,62616836114810,62616836116070,1260
tcp,engine_probe,1702,62625663034661,62625663040016,5355
tcp,engine_probe,1704,62626544007162,62626544010856,3694
tcp,engine_probe,1705,62627424953114,62627424957617,4503
tcp,engine_probe,1706,62627505080425,62627505085169,4744
tcp,engine_probe,1716,62637583213023,62637583216026,3003
tcp,engine_probe,1723,62648062788164,62648062790545,2381
tcp,engine_probe,1725,62652095598119,62652095602915,4796
tcp,engine_probe,1728,62655175721962,62655175727304,5342
tcp,engine_probe,1732,62660413016265,62660413018886,2621
tcp,engine_probe,1734,62663629322617,62663629328283,5666
tcp,engine_probe,1737,62672007805605,62672007810966,5361
tcp,engine_probe,1741,62672936847646,62672936852030,4384
tcp,engine_probe,1743,62675871873579,62675871878225,4646
tcp,engine_probe,1750,62685061767023,62685061772080,5057
tcp,engine_probe,1751,62685127270341,62685127275493,5152
tcp,engine_probe,1754,62688884126432,62688884130622,4190
tcp,engine_probe,1761,62696988368059,62696988373342,5283
tcp,engine_probe,1762,62697004445424,62697004446862,1438
tcp,engine_probe,1765,62701308033515,62701308038981,5466
tcp,engine_probe,1769,62705135455705,62705135460801,5096
tcp,engine_probe,1770,62706060037018,62706060041652,4634
tcp,engine_probe,1773,62709833641695,62709833646783,5088
tcp,engine_probe,1801,62746136260228,62746136263811,3583
tcp,engine_probe,1802,62746149334636,62746149335883,1247
tcp,engine_probe,1803,62746406635770,62746406639370,3600
tcp,engine_probe,1804,62746948050749,62746948055665,4916
tcp,engine_probe,1806,62747578749220,62747578752389,3169
tcp,engine_probe,1814,62754370120997,62754370125774,4777
tcp,engine_probe,1816,62756122961659,62756122965445,3786
tcp,engine_probe,1833,62772989981943,62772989986165,4222
tcp,engine_probe,1835,62775017536718,62775017541618,4900
tcp,engine_probe,1851,62795601557161,62795601563024,5863
tcp,engine_probe,1853,62796230105936,62796230109822,3886
tcp,engine_probe,1855,62796904867791,62796904872628,4837
tcp,engine_probe,1858,62798219278070,62798219281552,3482
tcp,engine_probe,1860,62800085098849,62800085101248,2399
tcp,engine_probe,1861,62800984059495,62800984064039,4544
tcp,engine_probe,1863,62803868031080,62803868036540,5460
tcp,engine_probe,1864,62805643856818,62805643861454,4636
tcp,engine_probe,1865,62806846113119,62806846118376,5257
tcp,engine_probe,1868,62808326717649,62808326722381,4732
tcp,engine_probe,1876,62820032310583,62820032315067,4484
tcp,engine_probe,1877,62821363691034,62821363695367,4333
tcp,engine_probe,1887,62835064120411,62835064123050,2639
tcp,engine_probe,1888,62837720044896,62837720048939,4043
tcp,engine_probe,1891,62840385039477,62840385043975,4498
tcp,engine_probe,1892,62840402118666,62840402119773,1107
tcp,engine_probe,1894,62845711494608,62845711499991,5383
tcp,engine_probe,1904,62859839086854,62859839091515,4661
tcp,engine_probe,1909,62863919359788,62863919364253,4465
tcp,engine_probe,1910,62865228048007,62865228053204,5197
tcp,engine_probe,1914,62871196048254,62871196052489,4235
tcp,engine_probe,1917,62873697669799,62873697675393,5594
tcp,engine_probe,1919,62874525588551,62874525593080,4529
tcp,engine_probe,1921,62877034891707,62877034896999,5292
tcp,engine_probe,1923,62879128056137,62879128061187,5050
tcp,engine_probe,1924,62882404027808,62882404030822,3014
tcp,engine_probe,1925,62883937156492,62883937161632,5140
tcp,engine_probe,1930,62889851210708,62889851214928,4220
tcp,engine_probe,1937,62901997478285,62901997484166,5881
tcp,engine_probe,1938,62902517050171,62902517053414,3243
tcp,engine_probe,1942,62905413097922,62905413101159,3237
tcp,engine_probe,1949,62913813624543,62913813628736,4193
tcp,engine_probe,1950,62914023890794,62914023895021,4227
tcp,engine_probe,1951,62914645554919,62914645559005,4086
tcp,engine_probe,1952,62916908037154,62916908042048,4894
tcp,engine_probe,1954,62918427464014,62918427468717,4703
tcp,engine_probe,1957,62920272758601,62920272762065,3464
tcp,engine_probe,1966,62928443682418,62928443686624,4206
tcp,engine_probe,1967,62929986635867,62929986639199,3332
tcp,engine_probe,1969,62933096051980,62933096056410,4430
tcp,engine_probe,1970,62933404413136,62933404417290,4154
tcp,engine_probe,1972,62935304455423,62935304460737,5314
tcp,engine_probe,1974,62937003193744,62937003197791,4047
tcp,engine_probe,1975,62937630873748,62937630878599,4851
tcp,engine_probe,1976,62938007303010,62938007308296,5286
tcp,engine_probe,1977,62939077415551,62939077419654,4103
tcp,engine_probe,1978,62941098486551,62941098491302,4751
tcp,engine_probe,1981,62944313869688,62944313874522,4834
tcp,engine_probe,1987,62949332971260,62949332976179,4919
tcp,engine_probe,1997,62961508037636,62961508043098,5462
tcp,engine_probe,1999,62964261440609,62964261445689,5080
tcp,engine_probe,2000,62964468701791,62964468706518,4727
tcp,engine_probe,2003,62965967208177,62965967213351,5174
tcp,engine_probe,2004,62966586882906,62966586886355,3449
tcp,engine_probe,2005,62967052397908,62967052402447,4539
tcp,engine_probe,2006,62969480876082,62969480880470,4388
tcp,engine_probe,2008,62972512035253,62972512040815,5562
tcp,engine_probe,2012,62978000593181,62978000598672,5491
tcp,engine_probe,2021,62981585469009,62981585473966,4957
tcp,engine_probe,2024,62986148036925,62986148041555,4630
tcp,engine_probe,2025,62986161119377,62986161121809,2432
tcp,engine_probe,2026,62987696040061,62987696042486,2425
tcp,engine_probe,2027,62988071460148,62988071465495,5347
tcp,engine_probe,2030,62991056568155,62991056572861,4706
tcp,engine_probe,2032,62991526106929,62991526111430,4501
tcp,engine_probe,2039,62998065753246,62998065758498,5252
tcp,engine_probe,2044,63006495380896,63006495386954,6058
tcp,engine_probe,2045,63006735663445,63006735667508,4063
tcp,engine_probe,2053,63013415846751,63013415850565,3814
tcp,engine_probe,2054,63015356053893,63015356059131,5238
tcp,engine_probe,2055,63015504250822,63015504255394,4572
tcp,engine_probe,2057,63016478305018,63016478309678,4660
tcp,engine_probe,2059,63018757660240,63018757665243,5003
tcp,engine_probe,2063,63023866831464,63023866835623,4159
tcp,engine_probe,2065,63024855903392,63024855908466,5074
tcp,engine_probe,2066,63027303393064,63027303396057,2993
tcp,engine_probe,2068,63027631831382,63027631836020,4638
tcp,engine_probe,2070,63030573865261,63030573868023,2762
tcp,engine_probe,2075,63035855193707,63035855196479,2772
tcp,engine_probe,2079,63038911422860,63038911428247,5387
tcp,engine_probe,2093,63061449076782,63061449078994,2212
tcp,engine_probe,2098,63067575305796,63067575310807,5011
tcp,engine_probe,2102,63077961763365,63077961768741,5376
tcp,engine_probe,2103,63079638488279,63079638494167,5888
tcp,engine_probe,2104,63081962873234,63081962877821,4587
tcp,engine_probe,2105,63082545509966,63082545515209,5243
tcp,engine_probe,2108,63088474508716,63088474513452,4736
tcp,engine_probe,2109,63090079166839,63090079171714,4875
tcp,engine_probe,2115,63096075214760,63096075218926,4166
tcp,engine_probe,2116,63096784977803,63096784984011,6208
tcp,engine_probe,2119,63100248040527,63100248042959,2432
tcp,engine_probe,2129,63105818718964,63105818724441,5477
tcp,engine_probe,2130,63105818744180,63105818745532,1352
tcp,engine_probe,2132,63111826850909,63111826855989,5080
tcp,engine_probe,2134,63114208031628,63114208037048,5420
tcp,engine_probe,2136,63114648559988,63114648563935,3947
tcp,engine_probe,2138,63119910910007,63119910913979,3972
tcp,engine_probe,2143,63124837434971,63124837440004,5033
tcp,engine_probe,2145,63127973660064,63127973665012,4948
tcp,engine_probe,2146,63128122850729,63128122854251,3522
tcp,engine_probe,2159,63139224039206,63139224041871,2665
tcp,engine_probe,2162,63141583535974,63141583541668,5694
tcp,engine_probe,2163,63142054060450,63142054066020,5570
tcp,engine_probe,2164,63145320035701,63145320039178,3477
tcp,engine_probe,2167,63147815640248,63147815643331,3083
tcp,engine_probe,2171,63157874744915,63157874749359,4444
tcp,engine_probe,2181,63164170143584,63164170148810,5226
tcp,engine_probe,2182,63165643665383,63165643667831,2448
tcp,engine_probe,2187,63174512034165,63174512039944,5779
tcp,engine_probe,2188,63175094673862,63175094677149,3287
tcp,engine_probe,2189,63175597733118,63175597738182,5064
tcp,engine_probe,2192,63180397627279,63180397630047,2768
tcp,engine_probe,2193,63181297577393,63181297582983,5590
tcp,engine_probe,2194,63181947278827,63181947283680,4853
tcp,engine_probe,2198,63186945425489,63186945430817,5328
tcp,engine_probe,2208,63198463045535,63198463050508,4973
tcp,engine_probe,2209,63201700050950,63201700056099,5149
tcp,engine_probe,2212,63204994445097,63204994450672,5575
tcp,engine_probe,2214,63205357860022,63205357862975,2953
tcp,engine_probe,2218,63207059711303,63207059716739,5436
tcp,engine_probe,2219,63208406111516,63208406115985,4469
tcp,engine_probe,2220,63208986748976,63208986753643,4667
tcp,engine_probe,2222,63210462307757,63210462313265,5508
tcp,engine_probe,2225,63212901826867,63212901831932,5065
tcp,engine_probe,2230,63221814839589,63221814844911,5322
tcp,engine_probe,2232,63223944050415,63223944056005,5590
tcp,engine_probe,2233,63223945129697,63223945130951,1254
tcp,engine_probe,2235,63225735089347,63225735093920,4573
tcp,engine_probe,2239,63229065562119,63229065566293,4174
tcp,engine_probe,2240,63229629180887,63229629185978,5091
tcp,engine_probe,2243,63234010493166,63234010497746,4580
tcp,engine_probe,2249,63237201426138,63237201429327,3189
tcp,engine_probe,2250,63237290547799,63237290550183,2384
tcp,engine_probe,2255,63243024034395,63243024039240,4845
tcp,engine_probe,2257,63244528034213,63244528039207,4994
tcp,engine_probe,2260,63248401492795,63248401497904,5109
tcp,engine_probe,2261,63248934076272,63248934080482,4210
tcp,engine_probe,2265,63251492441209,63251492445785,4576
tcp,engine_probe,2273,63266432051680,63266432057332,5652
tcp,engine_probe,2289,63285627168401,63285627172011,3610
tcp,engine_probe,2291,63286326952346,63286326956734,4388
tcp,engine_probe,2294,63292431486505,63292431491047,4542
tcp,engine_probe,2296,63294600049785,63294600054415,4630
tcp,engine_probe,2299,63307732290221,63307732294323,4102
tcp,engine_probe,2300,63308176782079,63308176786896,4817
tcp,engine_probe,2302,63311900594173,63311900599012,4839
tcp,engine_probe,2306,63317201961451,63317201966757,5306
tcp,engine_probe,2307,63317666485519,63317666490771,5252
tcp,engine_probe,2309,63319969908349,63319969915316,6967
tcp,engine_probe,2310,63320592023440,63320592027279,3839
tcp,engine_probe,2314,63323244837255,63323244842073,4818
tcp,engine_probe,2323,63329736492511,63329736495215,2704
tcp,engine_probe,2324,63329977780230,63329977782468,2238
tcp,engine_probe,2327,63332711634331,63332711638539,4208
tcp,engine_probe,2330,63335311357318,63335311362439,5121
tcp,engine_probe,2331,63335311357318,63335311371911,14593
tcp,engine_probe,2332,63337384035425,63337384040538,5113
tcp,engine_probe,2333,63338583282503,63338583285428,2925
tcp,engine_probe,2337,63342208037133,63342208042311,5178
tcp,engine_probe,2338,63347714613649,63347714618642,4993
tcp,engine_probe,2339,63351460049059,63351460053454,4395
tcp,engine_probe,2344,63354136917471,63354136922718,5247
tcp,engine_probe,2347,63355700851412,63355700856465,5053
tcp,engine_probe,2349,63357394644288,63357394647817,3529
tcp,engine_probe,2355,63363987368361,63363987373003,4642
tcp,engine_probe,2358,63371280725994,63371280730897,4903
tcp,engine_probe,2360,63374055618303,63374055623187,4884
tcp,engine_probe,2362,63376884053123,63376884058375,5252
tcp,engine_probe,2364,63377745012661,63377745017420,4759
tcp,engine_probe,2367,63380604995478,63380605000140,4662
tcp,engine_probe,2372,63386229703555,63386229706139,2584
tcp,engine_probe,2377,63397512043173,63397512046268,3095
tcp,engine_probe,2381,63401380036097,63401380041524,5427
tcp,engine_probe,2382,63402752048217,63402752052399,4182
tcp,engine_probe,2386,63410164035762,63410164043707,7945
tcp,engine_probe,2387,63410209119262,63410209125885,6623
tcp,engine_probe,2390,63414004490758,63414004493986,3228
tcp,engine_probe,2391,63414760047666,63414760052858,5192
tcp,engine_probe,2392,63416387728770,63416387734077,5307
tcp,engine_probe,2395,63417944048655,63417944054302,5647
tcp,engine_probe,2401,63421344051068,63421344055461,4393
tcp,engine_probe,2402,63422974733602,63422974737900,4298
tcp,engine_probe,2410,63428974411637,63428974415564,3927
tcp,engine_probe,2411,63429941431816,63429941436450,4634
tcp,engine_probe,2414,63435165720696,63435165724476,3780
tcp,engine_probe,2418,63438120865570,63438120870706,5136
tcp,engine_probe,2419,63438408207969,63438408212804,4835
tcp,engine_probe,2420,63443467309832,63443467312152,2320
tcp,engine_probe,2421,63444308047951,63444308052515,4564
tcp,engine_probe,2423,63444479278258,63444479282736,4478
tcp,engine_probe,2424,63444479301680,63444479302617,937
tcp,engine_probe,2425,63444673538210,63444673542558,4348
tcp,engine_probe,2426,63445223141711,63445223146458,4747
tcp,engine_probe,2427,63445634603841,63445634608726,4885
tcp,engine_probe,2429,63447424472338,63447424476375,4037
tcp,engine_probe,2433,63449886093016,63449886098155,5139
tcp,engine_probe,2435,63451200476851,63451200478784,1933
tcp,engine_probe,2436,63451898220816,63451898224609,3793
tcp,engine_probe,2445,63461886361274,63461886365710,4436
tcp,engine_probe,2451,63468461058819,63468461063143,4324
tcp,engine_probe,2452,63469150796124,63469150799054,2930
tcp,engine_probe,2454,63470744049043,63470744053304,4261
tcp,engine_probe,2457,63474303269214,63474303274269,5055
tcp,engine_probe,2461,63476941047760,63476941052571,4811
tcp,engine_probe,2463,63478227410110,63478227412977,2867
tcp,engine_probe,2466,63479513819223,63479513821471,2248
tcp,engine_probe,2470,63483056127524,63483056131205,3681
tcp,engine_probe,2473,63485803992898,63485803998576,5678
tcp,engine_probe,2475,63488139421708,63488139426925,5217
tcp,engine_probe,2476,63488447782281,63488447786322,4041
tcp,engine_probe,2525,63536210795094,63536210804540,9446
tcp,engine_probe,2530,63539079786125,63539079789663,3538
tcp,engine_probe,2531,63539468224870,63539468228969,4099
tcp,engine_probe,2533,63540625473326,63540625478058,4732
tcp,engine_probe,2537,63545378368273,63545378371676,3403
tcp,engine_probe,2554,63570524576458,63570524580511,4053
tcp,engine_probe,2555,63571776021950,63571776024238,2288
tcp,engine_probe,2563,63577602950577,63577602955695,5118
tcp,engine_probe,2566,63583163572779,63583163575031,2252
tcp,engine_probe,2567,63584796257717,63584796262764,5047
tcp,engine_probe,2568,63593544039956,63593544043504,3548
tcp,engine_probe,2573,63596353030100,63596353033076,2976
tcp,engine_probe,2576,63597414184695,63597414189298,4603
tcp,engine_probe,2582,63600358293823,63600358296452,2629
tcp,engine_probe,2586,63606255278680,63606255282729,4049
tcp,engine_probe,2587,63606561635800,63606561640569,4769
tcp,engine_probe,2593,63612734874188,63612734879217,5029
tcp,engine_probe,2595,63613760984486,63613760987568,3082
tcp,engine_probe,2596,63613761002616,63613761003766,1150
tcp,engine_probe,2597,63614663944110,63614663947235,3125
tcp,engine_probe,2598,63617908235304,63617908240652,5348
tcp,engine_probe,2602,63622498060973,63622498065845,4872
tcp,engine_probe,2604,63624017659095,63624017663540,4445
tcp,engine_probe,2615,63638960050067,63638960054866,4799
tcp,engine_probe,2623,63649965134400,63649965137442,3042
tcp,engine_probe,2625,63652500049274,63652500053251,3977
tcp,engine_probe,2631,63662289941199,63662289945694,4495
tcp,engine_probe,2633,63666816024432,63666816027470,3038
tcp,engine_probe,2635,63670187468687,63670187473528,4841
tcp,engine_probe,2638,63672393280031,63672393283075,3044
tcp,engine_probe,2639,63673227159710,63673227164249,4539
tcp,engine_probe,2640,63673281256950,63673281261300,4350
tcp,engine_probe,2647,63682682924381,63682682929992,5611
tcp,engine_probe,2649,63687096035821,63687096041050,5229
tcp,engine_probe,2650,63687739732219,63687739737754,5535
tcp,engine_probe,2651,63689671719391,63689671725380,5989
tcp,engine_probe,2653,63694374511279,63694374515656,4377
tcp,engine_probe,2655,63697444050069,63697444055287,5218
tcp,engine_probe,2656,63697796456866,63697796462460,5594
tcp,engine_probe,2659,63700005126167,63700005130314,4147
tcp,engine_probe,2660,63700824002681,63700824007881,5200
tcp,engine_probe,2664,63705118086646,63705118091220,4574
tcp,engine_probe,2666,63706708744249,63706708747249,3000
tcp,engine_probe,2670,63709902060972,63709902064556,3584
tcp,engine_probe,2673,63713000039353,63713000042734,3381
tcp,engine_probe,2675,63714198317338,63714198322207,4869
tcp,engine_probe,2676,63715948041293,63715948046333,5040
tcp,engine_probe,2684,63726154315701,63726154320841,5140
tcp,engine_probe,2690,63735672034443,63735672038920,4477
tcp,engine_probe,2693,63738623555094,63738623559896,4802
tcp,engine_probe,2701,63750898532922,63750898535358,2436
tcp,engine_probe,2703,63752368036361,63752368041149,4788
tcp,engine_probe,2704,63752814537480,63752814542095,4615
tcp,engine_probe,2708,63757500037009,63757500041427,4418
tcp,engine_probe,2714,63765543224794,63765543229704,4910
tcp,engine_probe,2716,63766382140983,63766382144953,3970
tcp,engine_probe,2717,63768288097909,63768288102746,4837
tcp,engine_probe,2719,63769433328036,63769433333521,5485
tcp,engine_probe,2721,63770382352815,63770382355491,2676
tcp,engine_probe,2731,63783623581871,63783623586643,4772
tcp,engine_probe,2735,63785377484097,63785377486550,2453
tcp,engine_probe,2738,63787939168101,63787939172879,4778
tcp,engine_probe,2742,63791936303721,63791936306134,2413
tcp,engine_probe,2743,63793519938037,63793519943084,5047
tcp,engine_probe,2745,63794513016344,63794513021350,5006
tcp,engine_probe,2747,63798323908142,63798323910488,2346
tcp,engine_probe,2749,63799557498502,63799557504530,6028
tcp,engine_probe,2758,63808064029393,63808064031839,2446
tcp,engine_probe,2759,63809296053075,63809296058203,5128
tcp,engine_probe,2762,63810327200184,63810327205091,4907
tcp,engine_probe,2768,63820621579700,63820621582487,2787
tcp,engine_probe,2771,63827016037650,63827016042915,5265
tcp,engine_probe,2772,63827951028345,63827951033106,4761
tcp,engine_probe,2774,63829529667005,63829529671549,4544
tcp,engine_probe,2779,63832643288277,63832643293101,4824
tcp,engine_probe,2790,63844936697453,63844936699340,1887
tcp,engine_probe,2791,63845033820728,63845033822751,2023
tcp,engine_probe,2798,63854732051080,63854732055215,4135
tcp,engine_probe,2800,63857463870655,63857463874916,4261
tcp,engine_probe,2802,63862254738156,63862254742453,4297
tcp,engine_probe,2805,63865269866314,63865269870863,4549
tcp,engine_probe,2809,63868820567648,63868820572730,5082
tcp,engine_probe,2814,63872264049133,63872264054300,5167
tcp,engine_probe,2817,63874705587030,63874705591789,4759
tcp,engine_probe,2818,63879148044433,63879148048502,4069
tcp,engine_probe,2825,63886326301827,63886326307122,5295
tcp,engine_probe,2827,63892474515439,63892474520675,5236
tcp,engine_probe,2836,63901966136579,63901966141509,4930
tcp,engine_probe,2837,63903492035636,63903492039804,4168
tcp,engine_probe,2839,63905640050930,63905640055836,4906
tcp,engine_probe,2842,63907426957853,63907426962755,4902
tcp,engine_probe,2843,63908759334339,63908759337048,2709
tcp,engine_probe,2846,63912117800181,63912117805419,5238
tcp,engine_probe,2847,63914808050485,63914808055085,4600
tcp,engine_probe,2858,63929688030751,63929688034144,3393
tcp,engine_probe,2863,63936686142459,63936686148150,5691
tcp,engine_probe,2864,63936720240045,63936720244974,4929
tcp,engine_probe,2867,63938392033900,63938392038971,5071
tcp,engine_probe,2873,63950182947916,63950182950540,2624
tcp,engine_probe,2874,63950182969643,63950182970774,1131
tcp,engine_probe,2880,63959879767714,63959879772660,4946
tcp,engine_probe,2881,63961007951271,63961007956406,5135
tcp,engine_probe,2882,63966067073135,63966067077764,4629
tcp,engine_probe,2883,63967256549393,63967256553787,4394
tcp,engine_probe,2885,63971656045113,63971656048059,2946
tcp,engine_probe,2887,63974319816483,63974319820947,4464
tcp,engine_probe,2888,63975393941908,63975393946075,4167
tcp,engine_probe,2906,63998604992731,63998604997232,4501
tcp,engine_probe,2910,63999979522392,63999979527771,5379
tcp,engine_probe,2911,64001762355859,64001762360927,5068
tcp,engine_probe,2913,64002858516046,64002858521708,5662
tcp,engine_probe,2915,64008468049872,64008468054774,4902
tcp,engine_probe,2916,64010707341461,64010707346696,5235
tcp,engine_probe,2918,64012114829019,64012114833265,4246
tcp,engine_probe,2920,64013899704783,64013899710335,5552
tcp,engine_probe,2921,64014576034765,64014576039366,4601
tcp,engine_probe,2922,64014576053754,64014576054715,961
tcp,engine_probe,2924,64017413950257,64017413952830,2573
tcp,engine_probe,2927,64020137776034,64020137778877,2843
tcp,engine_probe,2928,64020336038875,64020336043957,5082
tcp,engine_probe,2930,64022289055675,64022289059565,3890
tcp,engine_probe,2941,64029080949094,64029080954232,5138
tcp,engine_probe,2952,64046847769024,64046847773568,4544
tcp,engine_probe,2954,64051160051908,64051160056624,4716
tcp,engine_probe,2960,64057912035633,64057912040820,5187
tcp,engine_probe,2963,64060320579360,64060320582141,2781
tcp,engine_probe,2966,64063544910396,64063544914403,4007
tcp,engine_probe,2967,64063801038694,64063801043922,5228
tcp,engine_probe,2975,64069386667855,64069386673053,5198
tcp,engine_probe,2977,64070659016274,64070659021571,5297
tcp,engine_probe,2981,64078836795119,64078836800312,5193
tcp,engine_probe,2983,64079201237397,64079201240197,2800
tcp,engine_probe,2985,64082726862975,64082726867487,4512
tcp,engine_probe,2993,64096943434359,64096943437025,2666
tcp,engine_probe,2994,64099686215700,64099686220456,4756
tcp,engine_probe,2995,64100667259466,64100667265206,5740
tcp,engine_probe,3005,64118070617055,64118070621901,4846
tcp,engine_probe,3009,64119883601654,64119883607258,5604
tcp,engine_probe,3013,64123288157792,64123288162116,4324
tcp,engine_probe,3023,64135467403274,64135467408309,5035
tcp,engine_probe,3024,64137484474527,64137484479665,5138
tcp,engine_probe,3030,64145833957054,64145833959643,2589
tcp,engine_probe,3036,64160581812316,64160581818061,5745
tcp,engine_probe,3037,64161639927992,64161639932925,4933
tcp,engine_probe,3039,64164827205038,64164827209967,4929
tcp,engine_probe,3041,64167245437447,64167245442522,5075
